,formula,element1,element2
0,AcF3,Ac,F
1,AcCl3,Ac,Cl
2,AcBr3,Ac,Br
3,AcI3,Ac,I
4,Ac2O3,Ac,O
5,Ac2S3,Ac,S
6,AcB2,Ac,B
7,HAt,H,At
8,At2O7,At,O
9,AtBr,At,Br
10,AtI,At,I
11,NaAt,Na,At
12,MgAt2,Mg,At
13,CAt4,C,At
14,AgAt,Ag,At
15,Es2O3,Es,O
16,EsF3,Es,F
17,EsCl2,Es,Cl
18,EsCl3,Es,Cl
19,EsBr2,Es,Br
20,EsBr3,Es,Br
21,EsI2,Es,I
22,EsI3,Es,I
23,NH3,N,H
24,NH4N3,N,H
25,N2H5N3,N,H
26,PdH,Pd,H
27,PdSi,Pd,Si
28,Pd2Si,Pd,Si
29,Pd3Si,Pd,Si
30,PdGe,Pd,Ge
31,Pd5Ge2,Pd,Ge
32,Pd2Ge,Pd,Ge
33,Pd4Ge,Pd,Ge
34,Pd3Sn,Pd,Sn
35,Pd3Sn2,Pd,Sn
36,PdSn,Pd,Sn
37,PdPb,Pd,Pb
38,PdPb2,Pd,Pb
39,Pd3Pb,Pd,Pb
40,PdCl2,Pd,Cl
41,Pd3B,Pd,B
42,Pd5B2,Pd,B
43,PdAl,Pd,Al
44,PdAl2,Pd,Al
45,PdAl3,Pd,Al
46,Pd2Al3,Pd,Al
47,PdGa,Pd,Ga
48,Pd2Ga,Pd,Ga
49,Pd3Ga,Pd,Ga
50,PdIn,Pd,In
51,PdIn3,Pd,In
52,Pd2In,Pd,In
53,Pd3In,Pd,In
54,Pd2Tl,Pd,Tl
55,PdCu,Pd,Cu
56,PdCu3,Pd,Cu
57,PdBe,Pd,Be
58,PdBe5,Pd,Be
59,Pd2Be,Pd,Be
60,Pd3Be,Pd,Be
61,Pd2Zn,Pd,Zn
62,Pd5Zn21,Pd,Zn
63,Pd5Cd21,Pd,Cd
64,PdHg,Pd,Hg
65,Pd2Hg,Pd,Hg
66,Pd4Hg3,Pd,Hg
67,PdTi2,Pd,Ti
68,PdTi,Pd,Ti
69,Pd3Ti,Pd,Ti
70,Pd3Ti2,Pd,Ti
71,Pd3Zr,Pd,Zr
72,Pd2V,Pd,V
73,Pd3V,Pd,V
74,PdV3,Pd,V
75,Pd2Nb,Pd,Nb
76,Pd3Nb,Pd,Nb
77,Pd2Nb3,Pd,Nb
78,PdCr,Pd,Cr
79,Pd2Cr3,Pd,Cr
80,PdMn,Pd,Mn
81,Pd3Mn2,Pd,Mn
82,PdFe,Pd,Fe
83,PdFe3,Pd,Fe
84,Pd3Fe,Pd,Fe
85,PdCu,Pd,Cu
86,PdCu3,Pd,Cu
87,PdO,Pd,O
88,PdBr2,Pd,Br
89,PdF2,Pd,F
90,PdI2,Pd,I
91,Pd2H,Pd,H
92,PdS,Pd,S
93,PdSe,Pd,Se
94,PdSe2,Pd,Se
95,PdTe,Pd,Te
96,PdTe2,Pd,Te
97,Pd3P,Pd,P
98,Pd5P,Pd,P
99,PdP2,Pd,P
100,Pd2As,Pd,As
101,Pd3As,Pd,As
102,PdAs2,Pd,As
103,PdSb,Pd,Sb
104,PdSb2,Pd,Sb
105,Pd3Sb,Pd,Sb
106,PdBi,Pd,Bi
107,PdBi2,Pd,Bi
108,Pd5Bi3,Pd,Bi
109,BaTe,Ba,Te
110,BaPo,Ba,Po
111,Ba3N2,Ba,N
112,BaN2,Ba,N
113,BaP2,Ba,P
114,BaP3,Ba,P
115,Ba3As2,Ba,As
116,Ba3Sb2,Ba,Sb
117,Ba3Bi2,Ba,Bi
118,BaBi3,Ba,Bi
119,BaSi,Ba,Si
120,BaSi2,Ba,Si
121,BaGe,Ba,Ge
122,BaPb,Ba,Pb
123,BaB6,Ba,B
124,BaAl2,Ba,Al
125,BaAl4,Ba,Al
126,BaGa4,Ba,Ga
127,BaTl,Ba,Tl
128,BaTl2,Ba,Tl
129,BaZn13,Ba,Zn
130,BaZn,Ba,Zn
131,BaCd,Ba,Cd
132,BaHg,Ba,Hg
133,BaI2,Ba,I
134,BaH2,Ba,H
135,BaF2,Ba,F
136,BaS,Ba,S
137,BaS3,Ba,S
138,BaCl2,Ba,Cl
139,Ba(N3)2,Ba,N
140,BaSe,Ba,Se
141,BaBr2,Ba,Br
142,BaO,Ba,O
143,BaO2,Ba,O
144,BaC2,Ba,C
145,Bi2Te3,Bi,Te
146,BiI3,Bi,I
147,BiF3,Bi,F
148,BiF5,Bi,F
149,Bi2S3,Bi,S
150,BiS,Bi,S
151,BiCl,Bi,Cl
152,BiCl2,Bi,Cl
153,BiCl3,Bi,Cl
154,BiH3,Bi,H
155,BiSe,Bi,Se
156,Bi2Se,Bi,Se
157,Bi2Se3,Bi,Se
158,BiBr3,Bi,Br
159,Bi2O3,Bi,O
160,Bi2O5,Bi,O
161,PtBe5,Pt,Be
162,Pt3Cr,Pt,Cr
163,PtCr2,Pt,Cr
164,PtCr3,Pt,Cr
165,PtMo,Pt,Mo
166,PtMo2,Pt,Mo
167,PtMo6,Pt,Mo
168,PtMn,Pt,Mn
169,Pt3Mn,Pt,Mn
170,PtMn3,Pt,Mn
171,PtFe,Pt,Fe
172,Pt3Fe,Pt,Fe
173,PtFe3,Pt,Fe
174,PtCo,Pt,Co
175,Pt3Co,Pt,Co
176,PtNi,Pt,Ni
177,PtNi3,Pt,Ni
178,Pt3Pa,Pt,Pa
179,Pt5Pa,Pt,Pa
180,PtPo2,Pt,Po
181,PtI2,Pt,I
182,PtI4,Pt,I
183,PtB,Pt,B
184,PtF4,Pt,F
185,PtF5,Pt,F
186,PtF6,Pt,F
187,PtF7,Pt,F
188,PtAs2,Pt,As
189,PtSb,Pt,Sb
190,PtSb2,Pt,Sb
191,Pt5Sb2,Pt,Sb
192,PtBi,Pt,Bi
193,PtBi2,Pt,Bi
194,PtBi3,Pt,Bi
195,PtSi,Pt,Si
196,Pt2Si,Pt,Si
197,Pt5Si2,Pt,Si
198,PtGe,Pt,Ge
199,PtGe2,Pt,Ge
200,Pt2Ge,Pt,Ge
201,Pt3Ge,Pt,Ge
202,PtSn,Pt,Sn
203,PtSn4,Pt,Sn
204,Pt3Sn,Pt,Sn
205,PtPb,Pt,Pb
206,Pt3Pb,Pt,Pb
207,PtPb4,Pt,Pb
208,PtB,Pt,B
209,Pt2B,Pt,B
210,Pt3B2,Pt,B
211,PtAl,Pt,Al
212,PtAl2,Pt,Al
213,PtAl3,Pt,Al
214,Pt3Al,Pt,Al
215,PtGa,Pt,Ga
216,PtGa2,Pt,Ga
217,PtGa6,Pt,Ga
218,PtIn2,Pt,In
219,Pt3In,Pt,In
220,Pt2In3,Pt,In
221,PtTl,Pt,Tl
222,Pt15Be,Pt,Be
223,PtBe12,Pt,Be
224,Pt5Be21,Pt,Be
225,PtBe5,Pt,Be
226,PtMg2,Pt,Mg
227,PtCu,Pt,Cu
228,PtCu3,Pt,Cu
229,Pt3Cu,Pt,Cu
230,Pt9Cu,Pt,Cu
231,PtAg,Pt,Ag
232,Pt3Ag,Pt,Ag
233,PtAg3,Pt,Ag
234,PtAu3,Pt,Au
235,PtZn,Pt,Zn
236,PtZn2,Pt,Zn
237,Pt2Zn3,Pt,Zn
238,Pt5Zn21,Pt,Zn
239,PtCd,Pt,Cd
240,PtCd2,Pt,Cd
241,Pt5Cd21,Pt,Cd
242,PtHg,Pt,Hg
243,PtHg2,Pt,Hg
244,PtHg4,Pt,Hg
245,Pt2Hg,Pt,Hg
246,Pt3Hg,Pt,Hg
247,Pt2Ce,Pt,Ce
248,PtTi,Pt,Ti
249,Pt3Ti,Pt,Ti
250,PtTi3,Pt,Ti
251,PtZr,Pt,Zr
252,PtZr2,Pt,Zr
253,Pt3Zr,Pt,Zr
254,PtS,Pt,S
255,PtS2,Pt,S
256,Pt2S3,Pt,S
257,PtSe,Pt,Se
258,PtSe2,Pt,Se
259,PtTe,Pt,Te
260,PtTe2,Pt,Te
261,PtCl,Pt,Cl
262,PtCl2,Pt,Cl
263,PtCl3,Pt,Cl
264,PtCl4,Pt,Cl
265,PtO,Pt,O
266,PtO2,Pt,O
267,PtBr2,Pt,Br
268,PtBr4,Pt,Br
269,PtP2,Pt,P
270,Pt2P,Pt,P
271,Pt3P5,Pt,P
272,Pt2Ge,Pt,Ge
273,Pt3Ge,Pt,Ge
274,Pt2Ge3,Pt,Ge
275,PuB,Pu,B
276,PuB2,Pu,B
277,PuB4,Pu,B
278,PuNi,Pu,Ni
279,PuNi2,Pu,Ni
280,PuNi3,Pu,Ni
281,PuNi4,Pu,Ni
282,Pu5Os3,Pu,Os
283,PuOs2,Pu,Os
284,PuPt5,Pu,Pt
285,PuPt4,Pu,Pt
286,PuPt3,Pu,Pt
287,PuPt2,Pu,Pt
288,PuRh2,Pu,Rh
289,PuRu2,Pu,Ru
290,Pu3U,Pu,U
291,PuP,Pu,P
292,PuN,Pu,N
293,PuBe13,Pu,Be
294,PuF3,Pu,F
295,PuF4,Pu,F
296,PuF6,Pu,F
297,PuS,Pu,S
298,Pu2S3,Pu,S
299,PuSe,Pu,Se
300,PuSe2,Pu,Se
301,Pu2Se3,Pu,Se
302,PuTe,Pu,Te
303,PuN,Pu,N
304,PuAs,Pu,As
305,PuSb,Pu,Sb
306,PuBi,Pu,Bi
307,PuBi3,Pu,Bi
308,PuC,Pu,C
309,PuC2,Pu,C
310,Pu2C3,Pu,C
311,PuSi,Pu,Si
312,PuSi2,Pu,Si
313,Pu3Si2,Pu,Si
314,PuGe2,Pu,Ge
315,PuGe3,Pu,Ge
316,PuSn3,Pu,Sn
317,PuPb3,Pu,Pb
318,PuB2,Pu,B
319,PuB4,Pu,B
320,PuB6,Pu,B
321,PuAl,Pu,Al
322,Pu3Al,Pu,Al
323,PuAl2,Pu,Al
324,PuAl3,Pu,Al
325,PuAl4,Pu,Al
326,PuGa,Pu,Ga
327,Pu3Ga,Pu,Ga
328,Pu3In,Pu,In
329,PuIn3,Pu,In
330,Pu3Tl,Pu,Tl
331,PuTl3,Pu,Tl
332,PuBe13,Pu,Be
333,PuMg,Pu,Mg
334,PuMg2,Pu,Mg
335,PuCu2,Pu,Cu
336,PuCu4,Pu,Cu
337,PuCu6,Pu,Cu
338,PuAg3,Pu,Ag
339,PuHg3,Pu,Hg
340,PuHg4,Pu,Hg
341,PuCd2,Pu,Cd
342,PuCd4,Pu,Cd
343,PuCd6,Pu,Cd
344,Pu2Th,Pu,Th
345,Pu6Zr,Pu,Zr
346,PuZr2,Pu,Zr
347,PuMn2,Pu,Mn
348,PuFe2,Pu,Fe
349,Pu6Fe,Pu,Fe
350,PuP,Pu,P
351,PuCl3,Pu,Cl
352,PuI3,Pu,I
353,PuH2,Pu,H
354,PuH3,Pu,H
355,PuBr3,Pu,Br
356,PuBr4,Pu,Br
357,PuO,Pu,O
358,Pu2O3,Pu,O
359,PuO2,Pu,O
360,NF3,N,F
361,Cl3N,Cl,N
362,Br3N,Br,N
363,I3N,I,N
364,N4S4,N,S
365,N2O,N,O
366,NO,N,O
367,N2O3,N,O
368,NO2,N,O
369,N2O4,N,O
370,N2O5,N,O
371,TcH,Tc,H
372,TcF5,Tc,F
373,TcF6,Tc,F
374,Tc3B,Tc,B
375,Tc7B3,Tc,B
376,TcCl4,Tc,Cl
377,TcCl6,Tc,Cl
378,TcBr4,Tc,Br
379,TcO2,Tc,O
380,Tc2O7,Tc,O
381,TcS2,Tc,S
382,Tc2S7,Tc,S
383,TcSe2,Tc,Se
384,TcTe2,Tc,Te
385,TcN,Tc,N
386,Tc3P,Tc,P
387,TcP4,Tc,P
388,Tc3As7,Tc,As
389,TcC,Tc,C
390,TcSi,Tc,Si
391,TcSi2,Tc,Si
392,Tc4Si,Tc,Si
393,Tc5Si3,Tc,Si
394,TcB2,Tc,B
395,Tc3B,Tc,B
396,Tc7B3,Tc,B
397,TcAl4,Tc,Al
398,Tc2Al3,Tc,Al
399,TcAl12,Tc,Al
400,TcZn6,Tc,Zn
401,Tc11Zn2,Tc,Zn
402,DyH2,Dy,H
403,DyH3,Dy,H
404,DyTc2,Dy,Tc
405,Dy3Se4,Dy,Se
406,DyAl2,Dy,Al
407,DyTl,Dy,Tl
408,Dy2Tl,Dy,Tl
409,DyGe,Dy,Ge
410,Dy5Ge3,Dy,Ge
411,Dy2Po3,Dy,Po
412,DySi,Dy,Si
413,Dy2Te3,Dy,Te
414,Dy2S3,Dy,S
415,DyB4,Dy,B
416,DyB6,Dy,B
417,Dy2O3,Dy,O
418,DyBi,Dy,Bi
419,DySb,Dy,Sb
420,DyAs,Dy,As
421,DyN,Dy,N
422,DyP,Dy,P
423,DyC2,Dy,C
424,Dy2C3,Dy,C
425,DyBe13,Dy,Be
426,DyF3,Dy,F
427,DyCl3,Dy,Cl
428,DyBr3,Dy,Br
429,DyI3,Dy,I
430,Dy2O3,Dy,O
431,Te3N4,Te,N
432,TeI2,Te,I
433,TeI4,Te,I
434,TeF4,Te,F
435,TeF6,Te,F
436,TeCl2,Te,Cl
437,TeCl4,Te,Cl
438,TeO2,Te,O
439,TeO3,Te,O
440,TeBr4,Te,Br
441,TeS2,Te,S
442,TeBr2,Te,Br
443,TeBr4,Te,Br
444,IN3,I,N
445,ICl,I,Cl
446,IF7,I,F
447,ICl3,I,Cl
448,IF5,I,F
449,I2O5,I,O
450,I4O9,I,O
451,IBr,I,Br
452,TmH2,Tm,H
453,TmH3,Tm,H
454,TmB4,Tm,B
455,TmB6,Tm,B
456,TmBr3,Tm,Br
457,TmTc2,Tm,Tc
458,TmTl,Tm,Tl
459,Tm2Tl,Tm,Tl
460,TmTl3,Tm,Tl
461,Tm3Se4,Tm,Se
462,TmIn,Tm,In
463,TmIn3,Tm,In
464,TmGe,Tm,Ge
465,Tm5Ge3,Tm,Ge
466,Tm2Po3,Tm,Po
467,TmSi,Tm,Si
468,TmI3,Tm,I
469,Tm2O3,Tm,O
470,Tm2S3,Tm,S
471,TmBi,Tm,Bi
472,TmSb,Tm,Sb
473,TmAs,Tm,As
474,TmN,Tm,N
475,TmP,Tm,P
476,TmC2,Tm,C
477,Tm2C3,Tm,C
478,TmBe13,Tm,Be
479,TmF3,Tm,F
480,TmCl3,Tm,Cl
481,Tm2O3,Tm,O
482,RnF2,Rn,F
483,OsF4,Os,F
484,OsF6,Os,F
485,OsF8,Os,F
486,OsB2,Os,B
487,Os2B5,Os,B
488,OsCl3,Os,Cl
489,OsCl4,Os,Cl
490,OsBr3,Os,Br
491,OsBr4,Os,Br
492,OsI4,Os,I
493,OsO2,Os,O
494,OsO4,Os,O
495,OsS2,Os,S
496,OsSe2,Os,Se
497,OsTe2,Os,Te
498,OsP2,Os,P
499,OsAs2,Os,As
500,OsSb2,Os,Sb
501,OsC,Os,C
502,OsSi,Os,Si
503,OsSi2,Os,Si
504,Os2Si3,Os,Si
505,OsGe2,Os,Ge
506,Os2Ge3,Os,Ge
507,OsB2,Os,B
508,Os2B5,Os,B
509,OsAl,Os,Al
510,Os2Al,Os,Al
511,OsAl2,Os,Al
512,OsAl3,Os,Al
513,Os2Al3,Os,Al
514,OsGa3,Os,Ga
515,Os2Be17,Os,Be
516,Os3Be17,Os,Be
517,OsBe5,Os,Be
518,Os2Sc,Os,Sc
519,OsSc3,Os,Sc
520,Os2Y,Os,Y
521,OsY3,Os,Y
522,Os2La,Os,La
523,Os2Ce,Os,Ce
524,Os2Pr,Os,Pr
525,Os2Nd,Os,Nd
526,Os2Gd,Os,Gd
527,Os2Lu,Os,Lu
528,Os2Yb,Os,Yb
529,Os2Sm,Os,Sm
530,Os2Eu,Os,Eu
531,Os2Tb,Os,Tb
532,Os2Dy,Os,Dy
533,Os2Ho,Os,Ho
534,Os2Er,Os,Er
535,Os2Tm,Os,Tm
536,Os2Th,Os,Th
537,Os2Th3,Os,Th
538,Os3Th7,Os,Th
539,Os2U,Os,U
540,OsU2,Os,U
541,OsU3,Os,U
542,Os4U5,Os,U
543,OsTi,Os,Ti
544,OsZr,Os,Zr
545,Os2Zr,Os,Zr
546,Os4Zr11,Os,Zr
547,OsHf,Os,Hf
548,Os2Hf,Os,Hf
549,OsV,Os,V
550,OsNb,Os,Nb
551,OsNb3,Os,Nb
552,Os2Nb3,Os,Nb
553,OsTa,Os,Ta
554,OsTa3,Os,Ta
555,OsCr2,Os,Cr
556,OsCr3,Os,Cr
557,OsMo2,Os,Mo
558,OsMo3,Os,Mo
559,OsW2,Os,W
560,ErH2,Er,H
561,ErH3,Er,H
562,ErTc2,Er,Tc
563,ErAl2,Er,Al
564,Er2Se3,Er,Se
565,Er3Se4,Er,Se
566,Er2Po3,Er,Po
567,ErTl,Er,Tl
568,Er2Tl,Er,Tl
569,ErGe,Er,Ge
570,Er5Ge3,Er,Ge
571,ErSi,Er,Si
572,ErB4,Er,B
573,ErB6,Er,B
574,ErBr3,Er,Br
575,Er2O3,Er,O
576,Er2S3,Er,S
577,ErBi,Er,Bi
578,ErSb,Er,Sb
579,ErAs,Er,As
580,ErN,Er,N
581,ErP,Er,P
582,ErC2,Er,C
583,Er2C3,Er,C
584,ErBe13,Er,Be
585,ErF3,Er,F
586,ErCl3,Er,Cl
587,ErI3,Er,I
588,Er2O3,Er,O
589,VBe2,V,Be
590,VTc,V,Tc
591,V3Tc,V,Tc
592,VPt,V,Pt
593,VPt2,V,Pt
594,VPt3,V,Pt
595,V3Pt,V,Pt
596,V3Rh,V,Rh
597,VZn3,V,Zn
598,V4Zn5,V,Zn
599,V3Cd,V,Cd
600,VB,V,B
601,V2Zr,V,Zr
602,V3As,V,As
603,V2As,V,As
604,VAs,V,As
605,VC,V,C
606,V2C,V,C
607,VSi2,V,Si
608,V3Si,V,Si
609,V3Ge,V,Ge
610,VGe2,V,Ge
611,V11Ge8,V,Ge
612,V3Pb,V,Pb
613,VB,V,B
614,VB2,V,B
615,VAl3,V,Al
616,VAl10,V,Al
617,VAl11,V,Al
618,V3Ga,V,Ga
619,V6Ga5,V,Ga
620,V6Ga7,V,Ga
621,V3Tl,V,Tl
622,VBe2,V,Be
623,VBe12,V,Be
624,VN,V,N
625,V2N,V,N
626,VH,V,H
627,VH2,V,H
628,VP,V,P
629,VF3,V,F
630,VF4,V,F
631,VF5,V,F
632,VS,V,S
633,V2S3,V,S
634,V2S5,V,S
635,VS4,V,S
636,VSe,V,Se
637,VSe2,V,Se
638,V2Se3,V,Se
639,V3Se4,V,Se
640,V5Se4,V,Se
641,VTe,V,Te
642,V3Te4,V,Te
643,V5Te4,V,Te
644,VN,V,N
645,V2N,V,N
646,VP,V,P
647,VP2,V,P
648,V2P,V,P
649,V3P,V,P
650,VCl2,V,Cl
651,VCl3,V,Cl
652,VCl4,V,Cl
653,VC,V,C
654,VBr2,V,Br
655,VBr3,V,Br
656,VI2,V,I
657,VI3,V,I
658,VO,V,O
659,V2O3,V,O
660,VO2,V,O
661,V2O5,V,O
662,V2O5,V,O
663,V3O7,V,O
664,V4O9,V,O
665,VAs,V,As
666,V2As,V,As
667,VSb,V,Sb
668,VSb2,V,Sb
669,V2Sb,V,Sb
670,V3Sb,V,Sb
671,V3Bi,V,Bi
672,VB2,V,B
673,FrF,Fr,F
674,FrCl,Fr,Cl
675,FrBr,Fr,Br
676,FrI,Fr,I
677,Fm2O3,Fm,O
678,FmCl3,Fm,Cl
679,FmF3,Fm,F
680,FN3/N3F,N,F
681,GdH2,Gd,H
682,GdH3,Gd,H
683,GdTc2,Gd,Tc
684,GdSe,Gd,Se
685,Gd2Se3,Gd,Se
686,Gd2Te3,Gd,Te
687,GdTe,Gd,Te
688,Gd2Po3,Gd,Po
689,GdAl2,Gd,Al
690,GdTl,Gd,Tl
691,Gd2Tl,Gd,Tl
692,GdSi,Gd,Si
693,GdGe,Gd,Ge
694,Gd5Ge3,Gd,Ge
695,GdB4,Gd,B
696,GdB6,Gd,B
697,GdBr3,Gd,Br
698,GdS,Gd,S
699,Gd2S3,Gd,S
700,GdI3,Gd,I
701,GdBi,Gd,Bi
702,GdSb,Gd,Sb
703,GdAs,Gd,As
704,GdC2,Gd,C
705,Gd2C3,Gd,C
706,GdN,Gd,N
707,GdP,Gd,P
708,GdBe13,Gd,Be
709,GdF3,Gd,F
710,GdCl3,Gd,Cl
711,Gd2O3,Gd,O
712,CaSi2,Ca,Si
713,CaSi,Ca,Si
714,CaPo,Ca,Po
715,Ca3N2,Ca,N
716,Ca(N3)2,Ca,N
717,CaB6,Ca,B
718,CaTe,Ca,Te
719,CaI2,Ca,I
720,CaF2,Ca,F
721,CaO2,Ca,O
722,CaO,Ca,O
723,Ca3P2,Ca,P
724,CaS,Ca,S
725,CaBr2,Ca,Br
726,CaCl2,Ca,Cl
727,Ca3Sb2,Ca,Sb
728,Ca3Bi2,Ca,Bi
729,Ca2Ge,Ca,Ge
730,CaGe2,Ca,Ge
731,CaSn3,Ca,Sn
732,Ca2Pb,Ca,Pb
733,CaB6,Ca,B
734,CaAl2,Ca,Al
735,CaGa2,Ca,Ga
736,CaIn,Ca,In
737,Ca5Tl2,Ca,Tl
738,CaMg2,Ca,Mg
739,CaCu5,Ca,Cu
740,CaZn2,Ca,Zn
741,CaCd,Ca,Cd
742,CaCd2,Ca,Cd
743,CaHg,Ca,Hg
744,CaHg2,Ca,Hg
745,CaCo5,Ca,Co
746,CaNi5,Ca,Ni
747,CaH2,Ca,H
748,CaC2,Ca,C
749,CaSe,Ca,Se
750,CaO,Ca,O
751,Ca3As2,Ca,As
752,ZrB,Zr,B
753,ZrTc2,Zr,Tc
754,ZrTc6,Zr,Tc
755,ZrZn,Zr,Zn
756,ZrZn2,Zr,Zn
757,ZrZn6,Zr,Zn
758,ZrHg,Zr,Hg
759,Zr3Hg,Zr,Hg
760,ZrHg3,Zr,Hg
761,Zr3As,Zr,As
762,ZrAs,Zr,As
763,ZrAs2,Zr,As
764,Zr2Sb,Zr,Sb
765,Zr3Sb,Zr,Sb
766,Zr5Sb3,Zr,Sb
767,ZrBi2,Zr,Bi
768,Zr3Bi2,Zr,Bi
769,ZrGe,Zr,Ge
770,ZrGe2,Zr,Ge
771,Zr3Ge,Zr,Ge
772,ZrSn2,Zr,Sn
773,Zr4Sn,Zr,Sn
774,ZrB,Zr,B
775,ZrB2,Zr,B
776,ZrB12,Zr,B
777,ZrAl2,Zr,Al
778,ZrAl3,Zr,Al
779,ZrAl,Zr,Al
780,Zr3Al,Zr,Al
781,ZrGa3,Zr,Ga
782,Zr2Ga3,Zr,Ga
783,Zr5Ga,Zr,Ga
784,ZrIn,Zr,In
785,Zr4Tl,Zr,Tl
786,ZrBe2,Zr,Be
787,ZrBe5,Zr,Be
788,ZrBe13,Zr,Be
789,ZrB2,Zr,B
790,ZrC,Zr,C
791,Zr2C,Zr,C
792,ZrBe13,Zr,Be
793,ZrP2,Zr,P
794,Zr3P,Zr,P
795,ZrP,Zr,P
796,ZrSi2,Zr,Si
797,ZrS,Zr,S
798,ZrS2,Zr,S
799,ZrS3,Zr,S
800,ZrSe2,Zr,Se
801,ZrSe3,Zr,Se
802,Zr3Se2,Zr,Se
803,ZrTe2,Zr,Te
804,Zr2Te,Zr,Te
805,ZrN,Zr,N
806,ZrI4,Zr,I
807,ZrB2,Zr,B
808,ZrH,Zr,H
809,ZrH2,Zr,H
810,ZrF2,Zr,F
811,ZrF4,Zr,F
812,ZrCl2,Zr,Cl
813,ZrCl4,Zr,Cl
814,ZrC2/ZrC,Zr,C
815,ZrBr4,Zr,Br
816,ZrO2,Zr,O
817,CdTe,Cd,Te
818,Cd3As2,Cd,As
819,CdAs2,Cd,As
820,Cd3N2,Cd,N
821,CdI2,Cd,I
822,CdF2,Cd,F
823,CdP2,Cd,P
824,CdP4,Cd,P
825,Cd3P2,Cd,P
826,CdS,Cd,S
827,CdCl2,Cd,Cl
828,CdSe,Cd,Se
829,CdBr2,Cd,Br
830,CdO,Cd,O
831,CrBe2,Cr,Be
832,CrFe,Cr,Fe
833,Cr3Rh,Cr,Rh
834,CrTc3,Cr,Tc
835,Cr2Tc3,Cr,Tc
836,CrMn2,Cr,Mn
837,CrMn3,Cr,Mn
838,CrCo,Cr,Co
839,Cr2Zr,Cr,Zr
840,Cr2As,Cr,As
841,CrAs,Cr,As
842,CrAs2,Cr,As
843,Cr3As2,Cr,As
844,CrSb,Cr,Sb
845,CrSb2,Cr,Sb
846,CrBi2,Cr,Bi
847,CrB2,Cr,B
848,Cr2B,Cr,B
849,Cr3C2,Cr,C
850,Cr23C6,Cr,C
851,CrSi,Cr,Si
852,Cr2Si,Cr,Si
853,Cr3Si,Cr,Si
854,CrSi2,Cr,Si
855,Cr3Si2,Cr,Si
856,CrGe,Cr,Ge
857,CrGe3,Cr,Ge
858,Cr3Ge,Cr,Ge
859,CrH,Cr,H
860,CrH2,Cr,H
861,Cr3C2,Cr,C
862,CrN,Cr,N
863,Cr2N,Cr,N
864,CrP,Cr,P
865,CrP2,Cr,P
866,Cr2P,Cr,P
867,Cr3P,Cr,P
868,CrF2,Cr,F
869,CrF3,Cr,F
870,CrS,Cr,S
871,Cr2S3,Cr,S
872,CrCl2,Cr,Cl
873,CrCl3,Cr,Cl
874,CrBr2,Cr,Br
875,CrBr3,Cr,Br
876,CrI2,Cr,I
877,CrI3,Cr,I
878,Cr2O3,Cr,O
879,CrO,Cr,O
880,CrO2,Cr,O
881,CrO3,Cr,O
882,Cr2O5,Cr,O
883,Cr2s3,Cr,S
884,CrSe,Cr,Se
885,Cr2Se3,Cr,Se
886,Cr3Se4,Cr,Se
887,Cr2Te3,Cr,Te
888,Cr3Te4,Cr,Te
889,CrB,Cr,B
890,CrB2,Cr,B
891,Cr2B,Cr,B
892,Cr4B,Cr,B
893,CrAl,Cr,Al
894,CrAl7,Cr,Al
895,Cr2Al,Cr,Al
896,Cr3Ga,Cr,Ga
897,CrGa4,Cr,Ga
898,HgCr,Hg,Cr
899,Hg3Cr,Hg,Cr
900,HgH2,Hg,H
901,HgC,Hg,C
902,Hg3P2,Hg,P
903,Hg2(N3)2,Hg,N
904,Hg3N2,Hg,N
905,HgS,Hg,S
906,Hg2S,Hg,S
907,HgTe,Hg,Te
908,Hg2F2,Hg,F
909,HgF2,Hg,F
910,HgS,Hg,S
911,Hg2Cl2,Hg,Cl
912,HgCl2,Hg,Cl
913,HgSe,Hg,Se
914,Hg2Br2,Hg,Br
915,HgBr2,Hg,Br
916,HgI2,Hg,I
917,Hg2I2,Hg,I
918,Hg2O,Hg,O
919,HgO,Hg,O
920,CoBe,Co,Be
921,CoBe5,Co,Be
922,CoBe12,Co,Be
923,CoZn,Co,Zn
924,CoZn3,Co,Zn
925,CoZn4,Co,Zn
926,Co5Cd21,Co,Cd
927,CoHg,Co,Hg
928,CrCo,Cr,Co
929,Cr3Co2,Cr,Co
930,CoMo,Co,Mo
931,Co2Mo3,Co,Mo
932,CoW,Co,W
933,Co3W,Co,W
934,Co7W6,Co,W
935,CoZr,Co,Zr
936,CoV,Co,V
937,Co3V,Co,V
938,CoV3,Co,V
939,Co2Zr,Co,Zr
940,Co4Zr,Co,Zr
941,CoZr2,Co,Zr
942,Co2Pu,Co,Pu
943,Co3Pu,Co,Pu
944,CoPu3,Co,Pu
945,CoPu6,Co,Pu
946,Co2As,Co,As
947,Co3As,Co,As
948,Co3As2,Co,As
949,CoAs,Co,As
950,CoAs2,Co,As
951,CoSb,Co,Sb
952,CoSb2,Co,Sb
953,CoBi,Co,Bi
954,Co2C,Co,C
955,Co3C,Co,C
956,CoSi,Co,Si
957,CoSi2,Co,Si
958,CoSi3,Co,Si
959,Co2Si,Co,Si
960,CoGe,Co,Ge
961,CoGe2,Co,Ge
962,Co2Ge3,Co,Ge
963,CoSn,Co,Sn
964,Co2Sn,Co,Sn
965,Co2Ge,Co,Ge
966,Co3B,Co,B
967,Co2B,Co,B
968,CoB,Co,B
969,Co2Al5,Co,Al
970,Co3Al13,Co,Al
971,CoAl,Co,Al
972,CoGa,Co,Ga
973,CoGa3,Co,Ga
974,Co2C,Co,C
975,Co2N,Co,N
976,Co3N,Co,N
977,CoAs2,Co,As
978,CoP,Co,P
979,CoP2,Co,P
980,CoP3,Co,P
981,Co2P,Co,P
982,CoI2,Co,I
983,CoI3,Co,I
984,CoF2,Co,F
985,CoF3,Co,F
986,CoS,Co,S
987,Co2S3,Co,S
988,Co3S4,Co,S
989,CoSe,Co,Se
990,CoSe2,Co,Se
991,Co2Se3,Co,Se
992,Co3Se4,Co,Se
993,CoTe,Co,Te
994,CoTe2,Co,Te
995,CoCl2,Co,Cl
996,CoCl3,Co,Cl
997,CoBr2,Co,Br
998,CoO,Co,O
999,Co2O2,Co,O
1000,Co3O4,Co,O
1001,CoB,Co,B
1002,SiAs,Si,As
1003,SiAs2,Si,As
1004,B6Si,B,Si
1005,SiS2,Si,S
1006,SiO,Si,O
1007,SiO2,Si,O
1008,SiSe,Si,Se
1009,SiSe2,Si,Se
1010,SiTe,Si,Te
1011,SiTe2,Si,Te
1012,Si3N4,Si,N
1013,SiI4,Si,I
1014,SiF4,Si,F
1015,SiCl4,Si,Cl
1016,SiBr4,Si,Br
1017,SiC,Si,C
1018,SiH4,Si,H
1019,Si2H6,Si,H
1020,SiP,Si,P
1021,SiP2,Si,P
1022,HfB,Hf,B
1023,HfB2,Hf,B
1024,HfTc,Hf,Tc
1025,HfTc2,Hf,Tc
1026,HfCo,Hf,Co
1027,HfCo2,Hf,Co
1028,HfCo4,Hf,Co
1029,Hf2Co,Hf,Co
1030,HfNi,Hf,Ni
1031,HfNi5,Hf,Ni
1032,Hf2Ni,Hf,Ni
1033,Hf2Ni7,Hf,Ni
1034,Hf2Rh,Hf,Rh
1035,Hf2Rh3,Hf,Rh
1036,HfPd3,Hf,Pd
1037,HfPt2,Hf,Pt
1038,Hf2Pt,Hf,Pt
1039,HfAs,Hf,As
1040,HfAs2,Hf,As
1041,Hf4As,Hf,As
1042,HfAs,Hf,As
1043,Hf3Sb,Hf,Sb
1044,HfSb2,Hf,Sb
1045,HfBi2,Hf,Bi
1046,HfP,Hf,P
1047,Hf2P,Hf,P
1048,Hf3P,Hf,P
1049,HfP2,Hf,P
1050,HfC,Hf,C
1051,Hf2C,Hf,C
1052,HfSi,Hf,Si
1053,HfSi2,Hf,Si
1054,Hf5Si3,Hf,Si
1055,HfGe2,Hf,Ge
1056,HfGe,Hf,Ge
1057,Hf2Ge,Hf,Ge
1058,Hf5Sn3,Hf,Sn
1059,HfB,Hf,B
1060,HfB2,Hf,B
1061,Hf3Al2,Hf,Al
1062,HfAl2,Hf,Al
1063,HfAl3,Hf,Al
1064,HfBe2,Hf,Be
1065,HfBe5,Hf,Be
1066,HfBe13,Hf,Be
1067,HfCu2,Hf,Cu
1068,Hf2Au,Hf,Au
1069,HfV2,Hf,V
1070,HfNb2,Hf,Nb
1071,HfTa2,Hf,Ta
1072,HfCr2,Hf,Cr
1073,HfMo2,Hf,Mo
1074,HfW2,Hf,W
1075,HfMn2,Hf,Mn
1076,HfTc2,Hf,Tc
1077,HfRe2,Hf,Re
1078,HfCl4,Hf,Cl
1079,HfBr4,Hf,Br
1080,HfI4,Hf,I
1081,HfO2,Hf,O
1082,HfH,Hf,H
1083,HfH2,Hf,H
1084,HfF4,Hf,F
1085,HfCl4,Hf,Cl
1086,HfBr4,Hf,Br
1087,HfI4,Hf,I
1088,HfO2,Hf,O
1089,HfS2,Hf,S
1090,HfS3,Hf,S
1091,HfSe,Hf,Se
1092,HfSe2,Hf,Se
1093,HfSe3,Hf,Se
1094,HfTe,Hf,Te
1095,HfTe3,Hf,Te
1096,HfN,Hf,N
1097,HoH2,Ho,H
1098,HoH3,Ho,H
1099,HoTc2,Ho,Tc
1100,Ho3Se4,Ho,Se
1101,HoAl2,Ho,Al
1102,HoTl,Ho,Tl
1103,Ho2Tl,Ho,Tl
1104,Ho2Po3,Ho,Po
1105,HoGe,Ho,Ge
1106,Ho5Ge3,Ho,Ge
1107,HoSi,Ho,Si
1108,HoB4,Ho,B
1109,HoB6,Ho,B
1110,Ho2O3,Ho,O
1111,HoS,Ho,S
1112,Ho2S3,Ho,S
1113,HoBi,Ho,Bi
1114,HoSb,Ho,Sb
1115,HoAs,Ho,As
1116,HoN,Ho,N
1117,HoP,Ho,P
1118,HoC2,Ho,C
1119,Ho2C3,Ho,C
1120,HoBe13,Ho,Be
1121,HoBr3,Ho,Br
1122,HoCl3,Ho,Cl
1123,HoF3,Ho,F
1124,HoI3,Ho,I
1125,GaH3,Ga,H
1126,GaN,Ga,N
1127,GaF3,Ga,F
1128,GaP,Ga,P
1129,GaCl3,Ga,Cl
1130,GaCl2,Ga,Cl
1131,GaBr3,Ga,Br
1132,GaI3,Ga,I
1133,GaAs,Ga,As
1134,GaSb,Ga,Sb
1135,GaSe,Ga,Se
1136,Ga2Se,Ga,Se
1137,Ga2Se3,Ga,Se
1138,GaTe,Ga,Te
1139,Ga2Te3,Ga,Te
1140,Ga2S3,Ga,S
1141,Ga2O3,Ga,O
1142,K2Po,K,Po
1143,KNa2,K,Na
1144,KN3,K,N
1145,K2N,K,N
1146,KO2,K,O
1147,KI,K,I
1148,KF,K,F
1149,K2O2,K,O
1150,K2S,K,S
1151,K2S2,K,S
1152,K2S3,K,S
1153,K2S4,K,S
1154,KCl,K,Cl
1155,KH,K,H
1156,KBr,K,Br
1157,K2O,K,O
1158,K2Se,K,Se
1159,K2Te,K,Te
1160,K3P,K,P
1161,K3As,K,As
1162,K3Sb,K,Sb
1163,K5Sb4,K,Sb
1164,K3Bi,K,Bi
1165,KBi2,K,Bi
1166,K2C2,K,C
1167,KSi,K,Si
1168,KSi6,K,Si
1169,KGe,K,Ge
1170,KSn2,K,Sn
1171,KPb2,K,Pb
1172,KB6,K,B
1173,K5Ga8,K,Ga
1174,K5In8,K,In
1175,K5Tl8,K,Tl
1176,K2Cs,K,Cs
1177,KAu5,K,Au
1178,KZn13,K,Zn
1179,KCd13,K,Cd
1180,KHg2,K,Hg
1181,KRe,K,Re
1182,Au2Pb,Au,Pb
1183,AuAl2,Au,Al
1184,AuZr2,Au,Zr
1185,Au2Mn,Au,Mn
1186,Au3Mn,Au,Mn
1187,Au4Mn,Au,Mn
1188,AuMn3,Au,Mn
1189,AuTa,Au,Ta
1190,AuTa2,Au,Ta
1191,AuTa3,Au,Ta
1192,Au2V,Au,V
1193,Au3V,Au,V
1194,Au4V,Au,V
1195,Au3U,Au,U
1196,AuLa,Au,La
1197,Au3La,Au,La
1198,Au2Ho,Au,Ho
1199,Au2Gd,Au,Gd
1200,Au2Er,Au,Er
1201,Au2Dy,Au,Dy
1202,Au2P3,Au,P
1203,AuB2,Au,B
1204,Au2Sr,Au,Sr
1205,Au3Sr,Au,Sr
1206,Au2Be,Au,Be
1207,Au3Be,Au,Be
1208,AuI3,Au,I
1209,AuI,Au,I
1210,AuSb2,Au,Sb
1211,AuF3,Au,F
1212,AuF5,Au,F
1213,Au4Cl8,Au,Cl
1214,AuCl3,Au,Cl
1215,AuCl,Au,Cl
1216,Au2S3,Au,S
1217,Au2S,Au,S
1218,Au3Te5,Au,Te
1219,AuSn,Au,Sn
1220,Au2Se3,Au,Se
1221,AuBr3,Au,Br
1222,AuBr,Au,Br
1223,Au2O3,Au,O
1224,N2H4,N,H
1225,CmH2,Cm,H
1226,CmI3,Cm,I
1227,CmBr3,Cm,Br
1228,CmCl3,Cm,Cl
1229,CmF3,Cm,F
1230,CmO2,Cm,O
1231,Cm2O3,Cm,O
1232,CmS,Cm,S
1233,CmS2,Cm,S
1234,Cm2S3,Cm,S
1235,CmSe,Cm,Se
1236,CmSe2,Cm,Se
1237,Cm2Se3,Cm,Se
1238,CmTe,Cm,Te
1239,CmTe2,Cm,Te
1240,CmTe3,Cm,Te
1241,Cm2Te3,Cm,Te
1242,CmN,Cm,N
1243,CmP,Cm,P
1244,CmAs,Cm,As
1245,CmSb,Cm,Sb
1246,Cm2C3,Cm,C
1247,CmPt3,Cm,Pt
1248,CmPt5,Cm,Pt
1249,CmPd3,Cm,Pd
1250,CmRh3,Cm,Rh
1251,CfH2,Cf,H
1252,CfO2,Cf,O
1253,Cf2O3,Cf,O
1254,CfF3,Cf,F
1255,CfF4,Cf,F
1256,CfCl3,Cf,Cl
1257,CfBr2,Cf,Br
1258,CfI2,Cf,I
1259,CfI3,Cf,I
1260,CfN,Cf,N
1261,Cf2S3,Cf,S
1262,Cf2Se3,Cf,Se
1263,Cf2Te3,Cf,Te
1264,ScH2,Sc,H
1265,ScTc2,Sc,Tc
1266,ScC,Sc,C
1267,ScC2,Sc,C
1268,ScSi,Sc,Si
1269,Sc5Si3,Sc,Si
1270,Sc3Si5,Sc,Si
1271,Sc5Ge3,Sc,Ge
1272,ScI3,Sc,I
1273,Sc2S3,Sc,S
1274,Sc2Se3,Sc,Se
1275,ScTe,Sc,Te
1276,Sc2Te3,Sc,Te
1277,ScBi,Sc,Bi
1278,ScSb,Sc,Sb
1279,ScAs,Sc,As
1280,ScN,Sc,N
1281,ScP,Sc,P
1282,ScB4,Sc,B
1283,ScB6,Sc,B
1284,ScAl2,Sc,Al
1285,ScAl3,Sc,Al
1286,ScBe5,Sc,Be
1287,ScBe13,Sc,Be
1288,ScF3,Sc,F
1289,ScCl3,Sc,Cl
1290,Sc2O3,Sc,O
1291,ScBr3,Sc,Br
1292,KrF2,Kr,F
1293,ReBe2,Re,Be
1294,Re3As7,Re,As
1295,ReSi,Re,Si
1296,ReSi2,Re,Si
1297,Re3Si,Re,Si
1298,Re5Si3,Re,Si
1299,ReGe2,Re,Ge
1300,ReP,Re,P
1301,Re2P,Re,P
1302,ReP2,Re,P
1303,ReP3,Re,P
1304,Re3B,Re,B
1305,Re7B3,Re,B
1306,ReAl2,Re,Al
1307,ReAl4,Re,Al
1308,ReAl5,Re,Al
1309,ReAl12,Re,Al
1310,ReBe2,Re,Be
1311,ReBe22,Re,Be
1312,ReF4,Re,F
1313,ReF6,Re,F
1314,ReF7,Re,F
1315,ReCl3,Re,Cl
1316,ReCl5,Re,Cl
1317,ReBr3,Re,Br
1318,ReBr4,Re,Br
1319,ReBr5,Re,Br
1320,ReI4,Re,I
1321,ReS2,Re,S
1322,ReS7,Re,S
1323,Re2S7,Re,S
1324,ReSe2,Re,Se
1325,Re2Se7,Re,Se
1326,ReTe2,Re,Te
1327,ReO2,Re,O
1328,ReO3,Re,O
1329,Re2O7,Re,O
1330,La2Se3,La,Se
1331,LaSe,La,Se
1332,LaGa2,La,Ga
1333,LaZn,La,Zn
1334,LaZn2,La,Zn
1335,LaZn5,La,Zn
1336,LaZn11,La,Zn
1337,LaCd,La,Cd
1338,LaCd2,La,Cd
1339,LaCd11,La,Cd
1340,LaHg,La,Hg
1341,LaHg2,La,Hg
1342,LaHg3,La,Hg
1343,LaHg4,La,Hg
1344,LaIn,La,In
1345,La3In,La,In
1346,LaTl,La,Tl
1347,La2Tl,La,Tl
1348,LaSi,La,Si
1349,La5Ge3,La,Ge
1350,LaGe,La,Ge
1351,La2Po3,La,Po
1352,La3Se4,La,Se
1353,La4Se7,La,Se
1354,LaTe,La,Te
1355,La2Te3,La,Te
1356,LaB4,La,B
1357,LaB6,La,B
1358,LaBr3,La,Br
1359,LaI3,La,I
1360,LaAl2,La,Al
1361,LaBi,La,Bi
1362,LaSb,La,Sb
1363,LaS,La,S
1364,La2S3,La,S
1365,LaN,La,N
1366,LaC,La,C
1367,LaC2,La,C
1368,LaBe13,La,Be
1369,LaH2,La,H
1370,LaH3,La,H
1371,LaF3,La,F
1372,LaCl3,La,Cl
1373,La2O3,La,O
1374,LaN,La,N
1375,LaAs,La,As
1376,RhH,Rh,H
1377,RhBe,Rh,Be
1378,Rh3Pa,Rh,Pa
1379,RhB2,Rh,B
1380,Rh2B,Rh,B
1381,Rh5B4,Rh,B
1382,Rh7B3,Rh,B
1383,RhGa,Rh,Ga
1384,RhGa3,Rh,Ga
1385,RhBe2,Rh,Be
1386,RhZn2,Rh,Zn
1387,Rh5Zn21,Rh,Zn
1388,Rh5Cd21,Rh,Cd
1389,Rh3Cu,Rh,Cu
1390,RhCu3,Rh,Cu
1391,Rh2Cu3,Rh,Cu
1392,RhF3,Rh,F
1393,RhF5,Rh,F
1394,RhF6,Rh,F
1395,RhCl2,Rh,Cl
1396,RhCl3,Rh,Cl
1397,RhBr3,Rh,Br
1398,RhI3,Rh,I
1399,RhO2,Rh,O
1400,Rh2O3,Rh,O
1401,RhS,Rh,S
1402,RhS3,Rh,S
1403,Rh2S3,Rh,S
1404,RhSe,Rh,Se
1405,RhSe2,Rh,Se
1406,Rh3Se8,Rh,Se
1407,RhTe,Rh,Te
1408,RhTe2,Rh,Te
1409,Rh3Te2,Rh,Te
1410,Rh3Te8,Rh,Te
1411,RhN2,Rh,N
1412,Rh2P,Rh,P
1413,RhP2,Rh,P
1414,RhP3,Rh,P
1415,Rh2As,Rh,As
1416,RhAs,Rh,As
1417,RhAs2,Rh,As
1418,RhAs3,Rh,As
1419,RhSb,Rh,Sb
1420,RhSb2,Rh,Sb
1421,RhSb3,Rh,Sb
1422,RhBi,Rh,Bi
1423,RhBi2,Rh,Bi
1424,RhBi3,Rh,Bi
1425,RhBi4,Rh,Bi
1426,RhC,Rh,C
1427,RhC2,Rh,C
1428,RhSi,Rh,Si
1429,Rh2Si,Rh,Si
1430,Rh4Si5,Rh,Si
1431,Rh5Si3,Rh,Si
1432,RhGe,Rh,Ge
1433,Rh2Ge,Rh,Ge
1434,Rh3Ge4,Rh,Ge
1435,RhSn,Rh,Sn
1436,RhSn2,Rh,Sn
1437,RhSn3,Rh,Sn
1438,RhSn4,Rh,Sn
1439,Rh2Sn,Rh,Sn
1440,RhPb2,Rh,Pb
1441,RaCl2,Ra,Cl
1442,RaPo,Ra,Po
1443,RaH2,Ra,H
1444,RaF2,Ra,F
1445,RaI2,Ra,I
1446,RaO,Ra,O
1447,RaS,Ra,S
1448,RaSe,Ra,Se
1449,Ra3N2,Ra,N
1450,RaAg,Ra,Ag
1451,RaIr,Ra,Ir
1452,Ir3Pa,Ir,Pa
1453,RaHg,Ra,Hg
1454,RaBr2,Ra,Br
1455,Li3P,Li,P
1456,LiPt,Li,Pt
1457,LiIr,Li,Ir
1458,Li2Po,Li,Po
1459,LiB6,Li,B
1460,LiAl,Li,Al
1461,LiGa,Li,Ga
1462,LiIn,Li,In
1463,LiTl,Li,Tl
1464,Li2Ca,Li,Ca
1465,LiSr7,Li,Sr
1466,Li3Au,Li,Au
1467,LiZn,Li,Zn
1468,LiCd,Li,Cd
1469,Li3Cd,Li,Cd
1470,Li3Hg,Li,Hg
1471,PtLi,Pt,Li
1472,Li3Tl,Li,Tl
1473,LiBi,Li,Bi
1474,Li3N,Li,N
1475,LiN3,Li,N
1476,Li3As,Li,As
1477,LiI,Li,I
1478,LiF,Li,F
1479,Li2Se,Li,Se
1480,Li2Te,Li,Te
1481,Li3Sb,Li,Sb
1482,Li2S,Li,S
1483,Li2S2,Li,S
1484,Li2O2,Li,O
1485,LiCl,Li,Cl
1486,LiH,Li,H
1487,LiBr,Li,Br
1488,Li2O,Li,O
1489,Li2C2,Li,C
1490,Li2Si,Li,Si
1491,Li4Si,Li,Si
1492,Li4Ge,Li,Ge
1493,Li22Sn5,Li,Sn
1494,LiSn,Li,Sn
1495,LiPb,Li,Pb
1496,Li3Pb,Li,Pb
1497,RuBe2,Ru,Be
1498,RuS2,Ru,S
1499,RuB,Ru,B
1500,RuB2,Ru,B
1501,Ru2B5,Ru,B
1502,Ru11B8,Ru,B
1503,RuF5,Ru,F
1504,RuF6,Ru,F
1505,RuCl3,Ru,Cl
1506,RuBr3,Ru,Br
1507,RuI3,Ru,I
1508,RuO2,Ru,O
1509,RuO3,Ru,O
1510,RuO4,Ru,O
1511,RuS2,Ru,S
1512,RuSe2,Ru,Se
1513,RuTe2,Ru,Te
1514,RuN,Ru,N
1515,RuP,Ru,P
1516,RuP2,Ru,P
1517,Ru2P,Ru,P
1518,RuAs,Ru,As
1519,RuAs2,Ru,As
1520,RuSb,Ru,Sb
1521,RuSb2,Ru,Sb
1522,RuBi,Ru,Bi
1523,RuBi3,Ru,Bi
1524,RuC,Ru,C
1525,RuSi,Ru,Si
1526,Ru2Si,Ru,Si
1527,Ru4Si3,Ru,Si
1528,RuGe,Ru,Ge
1529,Ru2Ge,Ru,Ge
1530,Ru2Ge3,Ru,Ge
1531,RuSn2,Ru,Sn
1532,Ru2Sn3,Ru,Sn
1533,Ru3Sn7,Ru,Sn
1534,RuB,Ru,B
1535,RuB2,Ru,B
1536,Ru2B5,Ru,B
1537,Ru7B3,Ru,B
1538,RuAl,Ru,Al
1539,RuAl2,Ru,Al
1540,RuAl3,Ru,Al
1541,Ru2Al3,Ru,Al
1542,RuGa,Ru,Ga
1543,RuGa2,Ru,Ga
1544,RuGa3,Ru,Ga
1545,Ru3In,Ru,In
1546,RuIn3,Ru,In
1547,RuBe2,Ru,Be
1548,Ru2Be3,Ru,Be
1549,Ru3Be10,Ru,Be
1550,Ru3Be17,Ru,Be
1551,RuSc,Ru,Sc
1552,Ru2Sc,Ru,Sc
1553,RuY,Ru,Y
1554,Ru2Y,Ru,Y
1555,Ru2La,Ru,La
1556,Ru2Ce,Ru,Ce
1557,Ru2Pr,Ru,Pr
1558,Ru2Nd,Ru,Nd
1559,Ru2Sm,Ru,Sm
1560,Ru2Gd,Ru,Gd
1561,Ru2Tb,Ru,Tb
1562,Ru2Dy,Ru,Dy
1563,Ru2Ho,Ru,Ho
1564,Ru2Er,Ru,Er
1565,Ru2Tm,Ru,Tm
1566,Ru2Yb,Ru,Yb
1567,Ru2Lu,Ru,Lu
1568,RuTi,Ru,Ti
1569,RuZr,Ru,Zr
1570,Ru2Zr,Ru,Zr
1571,RuHf,Ru,Hf
1572,RuTh,Ru,Th
1573,Ru2Th,Ru,Th
1574,Ru2Th3,Ru,Th
1575,Ru3Th7,Ru,Th
1576,RuV,Ru,V
1577,RuNb,Ru,Nb
1578,RuCr2,Ru,Cr
1579,RuCr3,Ru,Cr
1580,Ru3Mo5,Ru,Mo
1581,Ru2W3,Ru,W
1582,RuU,Ru,U
1583,Ru3U,Ru,U
1584,RuU2,Ru,U
1585,P4O6,P,O
1586,P2N5,P,N
1587,P3N5,P,N
1588,PI2,P,I
1589,PI3,P,I
1590,P2I4,P,I
1591,PI5,P,I
1592,PF3,P,F
1593,P2S3,P,S
1594,P4S3,P,S
1595,P2S5,P,S
1596,P4S7,P,S
1597,PCl3,P,Cl
1598,P4Se3,P,Se
1599,P2Te3,P,Te
1600,PBr3,P,Br
1601,PBr5,P,Br
1602,P2I4,P,I
1603,P4O10,P,O
1604,PF5,P,F
1605,P2S5,P,S
1606,P2S4,P,S
1607,P4S7,P,S
1608,PCl5,P,Cl
1609,PBr5,P,Br
1610,S2Cl2,S,Cl
1611,SCl2,S,Cl
1612,S2I2,S,I
1613,S2Br2,S,Br
1614,SO2,S,O
1615,S2F2,S,F
1616,SF6,S,F
1617,SO3,S,O
1618,S2F10,S,F
1619,N2S2,N,S
1620,N2S4,N,S
1621,N4S4,N,S
1622,SF4,S,F
1623,LuH2,Lu,H
1624,LuH3,Lu,H
1625,LuTc2,Lu,Tc
1626,Lu2Se3,Lu,Se
1627,Lu3Se4,Lu,Se
1628,Lu2Po3,Lu,Po
1629,LuTl,Lu,Tl
1630,Lu2Tl,Lu,Tl
1631,LuGe,Lu,Ge
1632,Lu5Ge3,Lu,Ge
1633,LuSi,Lu,Si
1634,LuB4,Lu,B
1635,LuB6,Lu,B
1636,LuBr3,Lu,Br
1637,LuI3,Lu,I
1638,Lu2S3,Lu,S
1639,Lu2O3,Lu,O
1640,LuBi,Lu,Bi
1641,LuSb,Lu,Sb
1642,LuAs,Lu,As
1643,LuN,Lu,N
1644,LuP,Lu,P
1645,LuC2,Lu,C
1646,Lu2C3,Lu,C
1647,LuBe13,Lu,Be
1648,LuCl3,Lu,Cl
1649,LuF3,Lu,F
1650,AlH3,Al,H
1651,AlN,Al,N
1652,AlI3,Al,I
1653,AlF3,Al,F
1654,AlP,Al,P
1655,Al2S3,Al,S
1656,AlCl3,Al,Cl
1657,AlAs,Al,As
1658,Al4C3,Al,C
1659,AlSb,Al,Sb
1660,Al2Se3,Al,Se
1661,Al5Te,Al,Te
1662,Al2Te3,Al,Te
1663,AlBr3,Al,Br
1664,AlB2,Al,B
1665,Al2O3,Al,O
1666,Cl2O,Cl,O
1667,ClO2,Cl,O
1668,(ClO3)2,Cl,O
1669,Cl2O7,Cl,O
1670,ClF,Cl,F
1671,ClF3,Cl,F
1672,ClF5,Cl,F
1673,ClN3,Cl,N
1674,MgPo,Mg,Po
1675,Mg2Th,Mg,Th
1676,Mg2Sr,Mg,Sr
1677,Mg3Sb2,Mg,Sb
1678,Mg3Bi2,Mg,Bi
1679,MgC2,Mg,C
1680,Mg2Pb,Mg,Pb
1681,MgB2,Mg,B
1682,Mg4Al3,Mg,Al
1683,MgBe13,Mg,Be
1684,MgSe,Mg,Se
1685,MgY,Mg,Y
1686,Mg5Y2,Mg,Y
1687,Mg24Y5,Mg,Y
1688,MgTe,Mg,Te
1689,Mg3As2,Mg,As
1690,Mg3P2,Mg,P
1691,Mg3N2,Mg,N
1692,Mg3In,Mg,In
1693,Mg5Tl2,Mg,Tl
1694,Mg2Ga5,Mg,Ga
1695,MgI2,Mg,I
1696,Mg2Cu,Mg,Cu
1697,MgF2,Mg,F
1698,Mg2Si,Mg,Si
1699,MgO2,Mg,O
1700,MgCl2,Mg,Cl
1701,MgS,Mg,S
1702,MgH2,Mg,H
1703,Mg2Sn,Mg,Sn
1704,MgBr2,Mg,Br
1705,MgO,Mg,O
1706,Mg2Ge,Mg,Ge
1707,Mg3Ag,Mg,Ag
1708,Mg2Zn3,Mg,Zn
1709,Mg3Cd,Mg,Cd
1710,Mg3Hg,Mg,Hg
1711,MgCo2,Mg,Co
1712,MgNi2,Mg,Ni
1713,Mg2Ni,Mg,Ni
1714,AmH2,Am,H
1715,AmH3,Am,H
1716,AmCl3,Am,Cl
1717,AmF3,Am,F
1718,AmBr3,Am,Br
1719,AmI3,Am,I
1720,AmO2,Am,O
1721,AmS,Am,S
1722,Am2S3,Am,S
1723,Am3Se4,Am,Se
1724,Am3Te4,Am,Te
1725,Am2Te3,Am,Te
1726,AmTe2,Am,Te
1727,AmTe3,Am,Te
1728,AmN,Am,N
1729,AmP,Am,P
1730,AmAs,Am,As
1731,AmSb,Am,Sb
1732,Am2C3,Am,C
1733,AmB4,Am,B
1734,AmB6,Am,B
1735,AmBe13,Am,Be
1736,AmPd3,Am,Pd
1737,AmPt5,Am,Pt
1738,AmRh3,Am,Rh
1739,AmSb,Am,Sb
1740,Mn2Zr,Mn,Zr
1741,Mn2Tc3,Mn,Tc
1742,MnZn3,Mn,Zn
1743,MnZn13,Mn,Zn
1744,Mn3Zn2,Mn,Zn
1745,MnHg,Mn,Hg
1746,Mn2Hg5,Mn,Hg
1747,MnNi,Mn,Ni
1748,MnNi2,Mn,Ni
1749,MnNi3,Mn,Ni
1750,Mn2As,Mn,As
1751,MnAs,Mn,As
1752,Mn3As,Mn,As
1753,Mn3As2,Mn,As
1754,Mn4As3,Mn,As
1755,MnSb,Mn,Sb
1756,Mn2Sb,Mn,Sb
1757,MnBi,Mn,Bi
1758,Mn3N2,Mn,N
1759,Mn4N,Mn,N
1760,MnB,Mn,B
1761,Mn2B,Mn,B
1762,Mn5C2,Mn,C
1763,Mn7C3,Mn,C
1764,Mn4C,Mn,C
1765,Mn3C2,Mn,C
1766,SiMn,Si,Mn
1767,SiMn2,Si,Mn
1768,Si3Mn,Si,Mn
1769,Mn5Ge2,Mn,Ge
1770,Mn3Ge2,Mn,Ge
1771,Mn5Ge3,Mn,Ge
1772,MnSn2,Mn,Sn
1773,Mn8Sn3,Mn,Sn
1774,MnB,Mn,B
1775,MnB2,Mn,B
1776,Mn2B,Mn,B
1777,Mn4B,Mn,B
1778,MnAl,Mn,Al
1779,MnAl3,Mn,Al
1780,MnAl4,Mn,Al
1781,MnAl6,Mn,Al
1782,Mn3In,Mn,In
1783,MnBe2,Mn,Be
1784,MnP,Mn,P
1785,Mn3P,Mn,P
1786,Mn3P2,Mn,P
1787,MnP3,Mn,P
1788,MnI2,Mn,I
1789,MnF2,Mn,F
1790,MnF3,Mn,F
1791,MnF4,Mn,F
1792,MnS,Mn,S
1793,MnCl2,Mn,Cl
1794,MnCl3,Mn,Cl
1795,Mn3C,Mn,C
1796,MnBr2,Mn,Br
1797,MnO,Mn,O
1798,Mn3O4,Mn,O
1799,Mn2O3,Mn,O
1800,MnO2,Mn,O
1801,Mn2O7,Mn,O
1802,MnB,Mn,B
1803,MnB2,Mn,B
1804,MnS,Mn,S
1805,MnSe,Mn,Se
1806,MnSe2,Mn,Se
1807,MnTe,Mn,Te
1808,MnTe2,Mn,Te
1809,MnPo,Mn,Po
1810,MoBe2,Mo,Be
1811,MoTc4,Mo,Tc
1812,Mo3Tc7,Mo,Tc
1813,Mo2Zr,Mo,Zr
1814,MoU2,Mo,U
1815,MoRe3,Mo,Re
1816,Mo3Re,Mo,Re
1817,Mo2Re3,Mo,Re
1818,MoFe,Mo,Fe
1819,MoFe2,Mo,Fe
1820,Mo2Fe3,Mo,Fe
1821,Mo3Co2,Mo,Co
1822,MoCo3,Mo,Co
1823,Mo2Co9,Mo,Co
1824,MoNi,Mo,Ni
1825,MoNi3,Mo,Ni
1826,MoNi4,Mo,Ni
1827,MoRh2,Mo,Rh
1828,Mo5Ru3,Mo,Ru
1829,MoPd,Mo,Pd
1830,Mo3As4,Mo,As
1831,Mo4As5,Mo,As
1832,MoAs,Mo,As
1833,Mo5As4,Mo,As
1834,MoAs2,Mo,As
1835,MoAs5,Mo,As
1836,MoP,Mn,P
1837,MoP2,Mn,P
1838,Mo3P,Mn,P
1839,Mo3P2,Mn,P
1840,Mo3P5,Mn,P
1841,MoB4,Mo,B
1842,Mo2B,Mo,B
1843,MoC,Mo,C
1844,Mo2C,Mo,C
1845,Mo3Si,Mo,Si
1846,Mo3Ge,Mo,Ge
1847,MoGe2,Mo,Ge
1848,Mo2Ge3,Mo,Ge
1849,Mo3Sn,Mo,Sn
1850,MoF3,Mo,F
1851,MoF5,Mo,F
1852,MoF6,Mo,F
1853,Mo2N,Mo,N
1854,Mo2C,Mo,C
1855,Mo2S3,Mo,S
1856,Mo2S5,Mo,S
1857,MoS2,Mo,S
1858,MoSe2,Mo,Se
1859,MoSe3,Mo,Se
1860,Mo3Se4,Mo,Se
1861,MoTe2,Mo,Te
1862,Mo3Te4,Mo,Te
1863,MoN,Mo,N
1864,Mo2N,Mo,N
1865,MoCl4,Mo,Cl
1866,MoCl5,Mo,Cl
1867,MoBr2,Mo,Br
1868,MoBr3,Mo,Br
1869,MoBr4,Mo,Br
1870,MoBr6,Mo,Br
1871,Mo6I12,Mo,I
1872,MoB,Mo,B
1873,MoB2,Mo,B
1874,Mo2B,Mo,B
1875,MoAl2,Mo,Al
1876,MoAl3,Mo,Al
1877,MoAl5,Mo,Al
1878,MoAl12,Mo,Al
1879,Mo3Ga,Mo,Ga
1880,MoGa4,Mo,Ga
1881,Mo2Hg3,Mo,Hg
1882,MoHg2,Mo,Hg
1883,MoHg9,Mo,Hg
1884,MoO2,Mo,O
1885,MoO3,Mo,O
1886,NpH2,Np,H
1887,NpH3,Np,H
1888,NpU,Np,U
1889,NpBe13,Np,Be
1890,NpBr3,Np,Br
1891,NpBr4,Np,Br
1892,NpI3,Np,I
1893,NpP,Np,P
1894,Np3P4,Np,P
1895,NpN,Np,N
1896,NpO2,Np,O
1897,Np3O8,Np,O
1898,NpS,Np,S
1899,NpS3,Np,S
1900,Np2S3,Np,S
1901,Np3Se4,Np,Se
1902,Np3Te4,Np,Te
1903,NpCl3,Np,Cl
1904,NpF3,Np,F
1905,NpC,Np,C
1906,Np2C3,Np,C
1907,NpSi2,Np,Si
1908,NpB2,Np,B
1909,NpB4,Np,B
1910,NpB6,Np,B
1911,NpAl2,Np,Al
1912,NpAl3,Np,Al
1913,NpAl4,Np,Al
1914,NpBe13,Np,Be
1915,NaAg2,Na,Ag
1916,NaAu2,Na,Au
1917,NaPt,Na,Pt
1918,Na2Po,Na,Po
1919,NaZn13,Na,Zn
1920,NaCd13,Na,Cd
1921,Na5Hg2,Na,Hg
1922,NaHg,Na,Hg
1923,Na4Th,Na,Th
1924,NaPt2,Na,Pt
1925,NaO2,Na,O
1926,NaN3,Na,N
1927,Na3N,Na,N
1928,Na3As,Na,As
1929,Na2Se,Na,Se
1930,NaI,Na,I
1931,NaF,Na,F
1932,Na2S,Na,S
1933,NaCl,Na,Cl
1934,NaH,Na,H
1935,Na2Te,Na,Te
1936,Na3P,Na,P
1937,NaBr,Na,Br
1938,Na2O,Na,O
1939,Na2O2,Na,O
1940,NaSb,Na,Sb
1941,Na3Bi,Na,Bi
1942,NaBi,Na,Bi
1943,NaSi,Na,Si
1944,Na2Si,Na,Si
1945,NaGe,Na,Ge
1946,Na15Sn4,Na,Sn
1947,NaPb,Na,Pb
1948,NaB6,Na,B
1949,Na5Ga8,Na,Ga
1950,NaIn,Na,In
1951,NaTl,Na,Tl
1952,NaSr9,Na,Sr
1953,NaBa,Na,Ba
1954,Na2C2,Na,C
1955,NbH,Nb,H
1956,NbH2,Nb,H
1957,NbPt,Nb,Pt
1958,NbPt2,Nb,Pt
1959,NbPt3,Nb,Pt
1960,Nb3Pt,Nb,Pt
1961,NbRh3,Nb,Rh
1962,Nb3Rh,Nb,Rh
1963,NbFe2,Nb,Fe
1964,Nb6Fe7,Nb,Fe
1965,NbTc3,Nb,Tc
1966,NbTc6,Nb,Tc
1967,NbCr2,Nb,Cr
1968,NbBe2,Nb,Be
1969,NbS2,Nb,S
1970,NbAs,Nb,As
1971,NbAs2,Nb,As
1972,NbN,Nb,N
1973,Nb3B2,Nb,B
1974,Nb2C,Nb,C
1975,NbC2,Nb,C
1976,NbP,Nb,P
1977,NbP2,Nb,P
1978,NbC,Nb,C
1979,NbF4,Nb,F
1980,NbF5,Nb,F
1981,NbCl5,Nb,Cl
1982,NbBr5,Nb,Br
1983,NbI5,Nb,I
1984,NbO,Nb,O
1985,NbO2,Nb,O
1986,Nb2O3,Nb,O
1987,Nb2O5,Nb,O
1988,NbS,Nb,S
1989,NbS2,Nb,S
1990,NbS3,Nb,S
1991,Nb2S3,Nb,S
1992,Nb2S5,Nb,S
1993,Nb2Se,Nb,Se
1994,Nb3Se4,Nb,Se
1995,Nb5Se4,Nb,Se
1996,NbTe2,Nb,Te
1997,NbTe4,Nb,Te
1998,Nb3Te4,Nb,Te
1999,NbN,Nb,N
2000,Nb2N,Nb,N
2001,NbP,Nb,P
2002,NbP2,Nb,P
2003,Nb3P,Nb,P
2004,NbAs,Nb,As
2005,NbAs2,Nb,As
2006,Nb3As,Nb,As
2007,NbSb,Nb,Sb
2008,NbSb2,Nb,Sb
2009,Nb3Sb,Nb,Sb
2010,Nb3Bi,Nb,Bi
2011,NbC,Nb,C
2012,Nb2C,Nb,C
2013,NbSi2,Nb,Si
2014,Nb3Si,Nb,Si
2015,Nb4Si,Nb,Si
2016,Nb2Ge,Nb,Ge
2017,Nb3Ge,Nb,Ge
2018,NbGe2,Nb,Ge
2019,NbSn2,Nb,Sn
2020,Nb3Sn,Nb,Sn
2021,Nb3Pb,Nb,Pb
2022,NbB,Nb,B
2023,NbB2,Nb,B
2024,Nb3B2,Nb,B
2025,Nb3B4,Nb,B
2026,Nb3Al,Nb,Al
2027,NbAl2,Nb,Al
2028,NbAl3,Nb,Al
2029,NbGa,Nb,Ga
2030,Nb3Ga,Nb,Ga
2031,Nb3Ga2,Nb,Ga
2032,Nb3In,Nb,In
2033,NbBe2,Nb,Be
2034,NbBe3,Nb,Be
2035,NbBe12,Nb,Be
2036,Nb3Be2,Nb,Be
2037,NbMg2,Nb,Mg
2038,Nb3Au,Nb,Au
2039,NbZn,Nb,Zn
2040,NbZn2,Nb,Zn
2041,NbZn3,Nb,Zn
2042,NbCd3,Nb,Cd
2043,NbTi,Nb,Ti
2044,NbCr2,Nb,Cr
2045,NbMn2,Nb,Mn
2046,NbRe3,Nb,Re
2047,NbFe2,Nb,Fe
2048,Nb2Fe3,Nb,Fe
2049,Nb3Fe2,Nb,Fe
2050,NbCo,Nb,Co
2051,NbCo2,Nb,Co
2052,NbCo3,Nb,Co
2053,NbNi,Nb,Ni
2054,NbNi3,Nb,Ni
2055,NbRu2,Nb,Ru
2056,NbRu4,Nb,Ru
2057,Nb7Ru6,Nb,Ru
2058,NbRh,Nb,Rh
2059,NbRh3,Nb,Rh
2060,Nb3Rh,Nb,Rh
2061,NbPd3,Nb,Pd
2062,Nb2Pd,Nb,Pd
2063,Nb3Os,Nb,Os
2064,Nb3Ir,Nb,Ir
2065,NbIr,Nb,Ir
2066,NbIr3,Nb,Ir
2067,Nb3Pt,Nb,Pt
2068,NbPo,Nb,Po
2069,NiAl,Ni,Al
2070,Ni4W,Ni,W
2071,Ni2V,Ni,V
2072,Ni3V,Ni,V
2073,NiV3,Ni,V
2074,Ni5Zr,Ni,Zr
2075,NiZr,Ni,Zr
2076,NiZr2,Ni,Zr
2077,NiCl2,Ni,Cl
2078,NiBe,Ni,Be
2079,Ni3B,Ni,B
2080,Ni2B,Ni,B
2081,Ni2C,Ni,C
2082,NiH,Ni,H
2083,NiH2,Ni,H
2084,Ni3N,Ni,N
2085,Ni3N2,Ni,N
2086,NiAs,Ni,As
2087,NiAs2,Ni,As
2088,Ni5As2,Ni,As
2089,Ni3As2,Ni,As
2090,Ni11As6,Ni,As
2091,NiSb,Ni,Sb
2092,Ni2Sb,Ni,Sb
2093,Ni2Sb5,Ni,Sb
2094,NiBi,Ni,Bi
2095,NiBi3,Ni,Bi
2096,NiP2,Ni,P
2097,NiP3,Ni,P
2098,Ni2P,Ni,P
2099,Ni2P5,Ni,P
2100,Ni3S2,Ni,S
2101,NiS,Ni,S
2102,Ni2Se,Ni,Se
2103,NiSe2,Ni,Se
2104,Ni2Se3,Ni,Se
2105,NiSe,Ni,Se
2106,NiTe,Ni,Te
2107,NiTe2,Ni,Te
2108,NiB,Ni,B
2109,Ni3C,Ni,C
2110,NiSi,Ni,Si
2111,Ni2Si,Ni,Si
2112,Ni3Si,Ni,Si
2113,Ni5Si2,Ni,Si
2114,NiGe,Ni,Ge
2115,Ni2Ge,Ni,Ge
2116,Ni3Ge,Ni,Ge
2117,Ni3Sn,Ni,Sn
2118,Ni4Sn,Ni,Sn
2119,Ni3Sn2,Ni,Sn
2120,NiB,Ni,B
2121,Ni2B,Ni,B
2122,Ni3B,Ni,B
2123,NiAl,Ni,Al
2124,NiAl3,Ni,Al
2125,NiGa,Ni,Ga
2126,NiGa4,Ni,Ga
2127,Ni2Ga,Ni,Ga
2128,Ni3Ga,Ni,Ga
2129,NiIn,Ni,In
2130,Ni2In,Ni,In
2131,Ni3In,Ni,In
2132,NiBe,Ni,Be
2133,Ni5Be21,Ni,Be
2134,Ni2Mg,Ni,Mg
2135,NiMg2,Ni,Mg
2136,NiZn,Ni,Zn
2137,NiZn3,Ni,Zn
2138,Ni5Zn21,Ni,Zn
2139,NiCd4,Ni,Cd
2140,Ni5Cd21,Ni,Cd
2141,NiHg4,Ni,Hg
2142,Ni2U,Ni,U
2143,Ni5U,Ni,U
2144,NiF2,Ni,F
2145,NiBr2,Ni,Br
2146,NiI2,Ni,I
2147,NiO,Ni,O
2148,Ni2O3,Ni,O
2149,NdH2,Nd,H
2150,NdH3,Nd,H
2151,Nd2Po3,Nd,Po
2152,NdMg12,Nd,Mg
2153,NdAl2,Nd,Al
2154,Nd3In,Nd,In
2155,NdTl,Nd,Tl
2156,Nd2Tl,Nd,Tl
2157,NdGe,Nd,Ge
2158,Nd5Ge3,Nd,Ge
2159,NdSi,Nd,Si
2160,NdSe,Nd,Se
2161,Nd2Se3,Nd,Se
2162,Nd3Se4,Nd,Se
2163,Nd4Se7,Nd,Se
2164,NdTe,Nd,Te
2165,Nd2Te3,Nd,Te
2166,NdBe13,Nd,Be
2167,NdBr3,Nd,Br
2168,NdI3,Nd,I
2169,NdBi,Nd,Bi
2170,NdSb,Nd,Sb
2171,NdP,Nd,P
2172,NdAs,Nd,As
2173,NdN,Nd,N
2174,NdB4,Nd,B
2175,NdB6,Nd,B
2176,NdC2,Nd,C
2177,Nd2C3,Nd,C
2178,NdH2,Nd,H
2179,NdCl3,Nd,Cl
2180,NdF3,Nd,F
2181,Nd2O3,Nd,O
2182,NdS,Nd,S
2183,Nd2S3,Nd,S
2184,BkH2,Bk,H
2185,BkO2,Bk,O
2186,Bk2O3,Bk,O
2187,BkS,Bk,S
2188,Bk2S3,Bk,S
2189,Bk2Se3,Bk,Se
2190,BkSe2,Bk,Se
2191,Bk2Te3,Bk,Te
2192,BkTe3,Bk,Te
2193,BkN,Bk,N
2194,BkP,Bk,P
2195,BkAs,Bk,As
2196,BkSb,Bk,Sb
2197,BkF3,Bk,F
2198,BkF4,Bk,F
2199,BkCl3,Bk,Cl
2200,BkBr3,Bk,Br
2201,BkI3,Bk,I
2202,BN,B,N
2203,B3Si,B,Si
2204,B6Si,B,Si
2205,BF3,B,F
2206,B2F4,B,F
2207,BCl3,B,Cl
2208,B2Cl4,B,Cl
2209,BBr3,B,Br
2210,B2Br4,B,Br
2211,BI3,B,I
2212,B2S3,B,S
2213,B2Se3,B,Se
2214,BP,B,P
2215,AsB,As,B
2216,AsB6,As,B
2217,B4C,B,C
2218,B6C,B,C
2219,B2O3,B,O
2220,B4H10,B,H
2221,B6H10,B,H
2222,B10H14,B,H
2223,B5H9,B,H
2224,B5H11,B,H
2225,B2H6,B,H
2226,BeHg2,Be,Hg
2227,Be2Fe,Be,Fe
2228,Be5Fe,Be,Fe
2229,Be12Fe,Be,Fe
2230,BePo,Be,Po
2231,Be3P2,Be,P
2232,Be3As2,Be,As
2233,Be2C,Be,C
2234,Be5B,Be,B
2235,Be6B,Be,B
2236,Be3N2,Be,N
2237,BeSe,Be,Se
2238,BeTe,Be,Te
2239,BeI2,Be,I
2240,BeF2,Be,F
2241,BeS,Be,S
2242,BeCl2,Be,Cl
2243,BeH2,Be,H
2244,Be2C,Be,C
2245,BeBr2,Be,Br
2246,BeO,Be,O
2247,PmB4,Pm,B
2248,PmBr3,Pm,Br
2249,PmAl2,Pm,Al
2250,Pm2Po3,Pm,Po
2251,PmTl,Pm,Tl
2252,Pm2Tl,Pm,Tl
2253,PmGe,Pm,Ge
2254,Pm5Ge3,Pm,Ge
2255,PmSi,Pm,Si
2256,Pm3Se4,Pm,Se
2257,PmF3,Pm,F
2258,PmI3,Pm,I
2259,Pm2S3,Pm,S
2260,Pm2O3,Pm,O
2261,PmBi,Pm,Bi
2262,PmSb,Pm,Sb
2263,PmAs,Pm,As
2264,PmP,Pm,P
2265,PmB6,Pm,B
2266,PmN,Pm,N
2267,PmBe13,Pm,Be
2268,PmCl3,Pm,Cl
2269,PmC2,Pm,C
2270,Pm2C3,Pm,C
2271,PoH2,Po,H
2272,PoCl2,Po,Cl
2273,PoCl4,Po,Cl
2274,Po2S3,Po,S
2275,PoO2,Po,O
2276,PoBr2,Po,Br
2277,PoBr4,Po,Br
2278,PoI4,Po,I
2279,PaH3,Pa,H
2280,PaC,Pa,C
2281,PaF5,Pa,F
2282,Pa2F9,Pa,F
2283,PaCl4,Pa,Cl
2284,PaCl5,Pa,Cl
2285,PaBr3,Pa,Br
2286,PaBr4,Pa,Br
2287,PaBr5,Pa,Br
2288,PaI3,Pa,I
2289,PaI4,Pa,I
2290,PaI5,Pa,I
2291,PaO,Pa,O
2292,Pa2O5,Pa,O
2293,PaN2,Pr,N
2294,PaAs,Pa,As
2295,PaAs2,Pa,As
2296,Pa3As4,Pa,As
2297,PaSb2,Pa,Sb
2298,Pa3Sb4,Pa,Sb
2299,PaBe13,Pa,Be
2300,PrH2,Pr,H
2301,PrH3,Pr,H
2302,PrP,Pr,P
2303,PrSi,Pr,Si
2304,Pr2Po3,Pr,Po
2305,PrMg12,Pr,Mg
2306,PrHg,Pr,Hg
2307,PrHg2,Pr,Hg
2308,PrHg3,Pr,Hg
2309,PrHg4,Pr,Hg
2310,PrAl2,Pr,Al
2311,PrGa2,Pr,Ga
2312,PrIn,Pr,In
2313,Pr3In,Pr,In
2314,PrTl,Pr,Tl
2315,Pr2Tl,Pr,Tl
2316,PrGe,Pr,Ge
2317,Pr5Ge3,Pr,Ge
2318,PrSe,Pr,Se
2319,Pr2Se3,Pr,Se
2320,Pr3Se4,Pr,Se
2321,PrTe,Pr,Te
2322,PrBr3,Pr,Br
2323,PrI3,Pr,I
2324,PrS,Pr,S
2325,Pr2S3,Pr,S
2326,PrSb,Pr,Sb
2327,PrBi,Pr,Bi
2328,PrAs,Pr,As
2329,PrB4,Pr,B
2330,PrB6,Pr,B
2331,PrC2,Pr,C
2332,Pr2C3,Pr,C
2333,PrBe13,Pr,Be
2334,PrN,Pr,N
2335,PrCl3,Pr,Cl
2336,Pr2O3,Pr,O
2337,PrO2,Pr,O
2338,PrF3,Pr,F
2339,PrF4,Pr,F
2340,PbTe,Pb,Te
2341,PbI2,Pb,I
2342,Pb(N3)2,Pb,N
2343,PbBr2,Pb,Br
2344,PbF2,Pb,F
2345,PbF4,Pb,F
2346,PbS,Pb,S
2347,PbH2,Pb,H
2348,PbH4,Pb,H
2349,PbP5,Pb,P
2350,Pb3P2,Pb,P
2351,PbTe,Pb,Te
2352,PbCl2,Pb,Cl
2353,PbSe,Pb,Se
2354,PbO,Pb,O
2355,Pb3O4,Pb,O
2356,PbO2,Pb,O
2357,H3P/PH3,H,P
2358,H2Te,H,Te
2359,HI,H,I
2360,HAt,H,At
2361,HN3,H,N
2362,HF,H,F
2363,H2O2,H,O
2364,H2S,H,S
2365,HCl,H,Cl
2366,H2O,H,O
2367,H2Se,H,Se
2368,HBr,H,Br
2369,H3Sb,H,Sb
2370,(CN)2,C,N
2371,NCN3,C,N
2372,RbH,Rb,H
2373,Rb2Po,Rb,Po
2374,Rb2S,Rb,S
2375,Rb2S2,Rb,S
2376,Rb2Se,Rb,Se
2377,Rb2Te,Rb,Te
2378,Rb3N,Rb,N
2379,RbN3,Rb,N
2380,Rb2P5,Rb,P
2381,Rb3As,Rb,As
2382,Rb3Sb,Rb,Sb
2383,RbBi2,Rb,Bi
2384,RbC8,Rb,C
2385,RbSi,Rb,Si
2386,RbGe,Rb,Ge
2387,RbB6,Rb,B
2388,RbIn4,Rb,In
2389,Rb5In8,Rb,In
2390,RbAu2,Rb,Au
2391,RbZn13,Rb,Zn
2392,RbCd13,Rb,Cd
2393,Rb3Hg4,Rb,Hg
2394,RbHg2,Rb,Hg
2395,RbNa2,Rb,Na
2396,RbH2,Rb,H
2397,Rb2Te,Rb,Te
2398,RbI,Rb,I
2399,RbF,Rb,F
2400,RbCl,Rb,Cl
2401,RbBr,Rb,Br
2402,Rb2O,Rb,O
2403,RbO2,Rb,O
2404,Rb2O3,Rb,O
2405,RbNa2,Rb,Na
2406,CsH,Cs,H
2407,CsI,Cs,I
2408,CsF,Cs,F
2409,CsCl,Cs,Cl
2410,CsBr,Cs,Br
2411,CsBr3,Cs,Br
2412,Cs2O,Cs,O
2413,Cs2O2,Cs,O
2414,Cs2O3,Cs,O
2415,Cs2S2,Cs,S
2416,Cs2S3,Cs,S
2417,Cs2S5,Cs,S
2418,Cs2Se,Cs,Se
2419,Cs2Te,Cs,Te
2420,Cs3N,Cs,N
2421,CsN3,Cs,N
2422,Cs2P5,Cs,P
2423,Cs3As,Cs,As
2424,Cs3Sb,Cs,Sb
2425,Cs3Bi,Cs,Bi
2426,CsC8,Cs,C
2427,CsSi,Cs,Si
2428,CsGe,Cs,Ge
2429,CsB6,Cs,B
2430,Cs2In3,Cs,In
2431,CsK2,Cs,K
2432,CsCd13,Cs,Cd
2433,CsHg2,Cs,Hg
2434,CsAu,Cs,Au
2435,Cs3Au4,Cs,Au
2436,SmH2,Sm,H
2437,SmH3,Sm,H
2438,SmB4,Sm,B
2439,SmB6,Sm,B
2440,Sm2Po3,Sm,Po
2441,SmTl,Sm,Tl
2442,Sm2Tl,Sm,Tl
2443,SmAl2,Sm,Al
2444,SmGe,Sm,Ge
2445,Sm5Ge3,Sm,Ge
2446,SmSi,Sm,Si
2447,Sm3Se4,Sm,Se
2448,SmBr2,Sm,Br
2449,SmBr3,Sm,Br
2450,SmI2,Sm,I
2451,SmI3,Sm,I
2452,Sm2S3,Sm,S
2453,Sm2O3,Sm,O
2454,SmBi,Sm,Bi
2455,SmSb,Sm,Sb
2456,SmAs,Sm,As
2457,SmN,Sm,N
2458,SmP,Sm,P
2459,SmC2,Sm,C
2460,Sm2C3,Sm,C
2461,SmBe13,Sm,Be
2462,SmI2,Sm,I
2463,SmF3,Sm,F
2464,SmCl2,Sm,Cl
2465,SmCl3,Sm,Cl
2466,SmBr2,Sm,Br
2467,SmBr4,Sm,Br
2468,Sm2O3,Sm,O
2469,As2H2,As,H
2470,AsI,As,I
2471,AsI2,As,I
2472,AsI3,As,I
2473,As2I4,As,I
2474,As2N5,As,N
2475,AsN,As,N
2476,AsP,As,P
2477,As2S2,As,S
2478,AsF3,As,F
2479,AsF5,As,F
2480,As2S3,As,S
2481,As2S5,As,S
2482,AsCl3,As,Cl
2483,AsH3,As,H
2484,As2Te3,As,Te
2485,AsSe,As,Se
2486,As2Se3,As,Se
2487,As4Se3,As,Se
2488,AsBr3,As,Br
2489,As2O3,As,O
2490,As2O5,As,O
2491,As4O6,As,O
2492,AsSb,As,Sb
2493,Ce2Se3,Ce,Se
2494,CeSe,Ce,Se
2495,Ce3Se4,Ce,Se
2496,Ce4Se7,Ce,Se
2497,CeMg12,Ce,Mg
2498,CeZn,Ce,Zn
2499,CeZn5,Ce,Zn
2500,CeZn11,Ce,Zn
2501,CeHg,Ce,Hg
2502,CeHg2,Ce,Hg
2503,CeHg3,Ce,Hg
2504,CeHg4,Ce,Hg
2505,CeGa2,Ce,Ga
2506,CeIn3,Ce,In
2507,Ce2In3,Ce,In
2508,Ce3In,Ce,In
2509,CeTl,Ce,Tl
2510,Ce2Tl,Ce,Tl
2511,CeAl2,Ce,Al
2512,CeSi,Ce,Si
2513,CeGe,Ce,Ge
2514,Ce5Ge3,Ce,Ge
2515,Ce2Po3,Ce,Po
2516,CeTe,Ce,Te
2517,Ce2Te3,Ce,Te
2518,CeB4,Ce,B
2519,CeB6,Ce,B
2520,CeBr3,Ce,Br
2521,CeS2,Ce,S
2522,Ce3S4,Ce,S
2523,Ce2S3,Ce,S
2524,CeBi,Ce,Bi
2525,CeSb,Ce,Sb
2526,CeAs,Ce,As
2527,CeP,Ce,P
2528,CeC2,Ce,C
2529,Ce2C3,Ce,C
2530,CeBe13,Ce,Be
2531,CeN,Ce,N
2532,CeH2,Ce,H
2533,CeH3,Ce,H
2534,CeI3,Ce,I
2535,CeF3,Ce,F
2536,CeF4,Ce,F
2537,CeCl3,Ce,Cl
2538,CeBr3,Ce,Br
2539,CeO2,Ce,O
2540,Ce2O3,Ce,O
2541,SrH2,Sr,H
2542,SrPo,Sr,Po
2543,SrF2,Sr,F
2544,SrO,Sr,O
2545,SrO2,Sr,O
2546,SrSe,Sr,Se
2547,SrS,Sr,S
2548,SrCl2,Sr,Cl
2549,SrBr2,Sr,Br
2550,SrTe,Sr,Te
2551,SrI2,Sr,I
2552,Sr3N2,Sr,N
2553,Sr3P2,Sr,P
2554,Sr3As2,Sr,As
2555,SrAs2,Sr,As
2556,Sr3Sb2,Sr,Sb
2557,Sr3Bi2,Sr,Bi
2558,SrBi3,Sr,Bi
2559,SrC2,Sr,C
2560,SrSi,Sr,Si
2561,SrSi2,Sr,Si
2562,Sr2Si,Sr,Si
2563,SrB6,Sr,B
2564,SrAl,Sr,Al
2565,SrAl4,Sr,Al
2566,SrGa2,Sr,Ga
2567,SrGa4,Sr,Ga
2568,SrTl,Sr,Tl
2569,SrTl2,Sr,Tl
2570,SrZn5,Sr,Zn
2571,SrZn13,Sr,Zn
2572,SrCd,Sr,Cd
2573,SrCd11,Sr,Cd
2574,SrHg,Sr,Hg
2575,SrHg3,Sr,Hg
2576,SrBe13,Sr,Be
2577,Tl3Te2,Tl,Te
2578,Tl5Te3,Tl,Te
2579,Tl5Te4,Tl,Te
2580,Tl2Te3,Tl,Te
2581,TlTe,Tl,Te
2582,Tl3P,Tl,P
2583,TlP3,Tl,P
2584,TlP5,Tl,P
2585,TlI,Tl,I
2586,TlF,Tl,F
2587,TlF3,Tl,F
2588,Tl2S,Tl,S
2589,Tl2S3,Tl,S
2590,TlCl,Tl,Cl
2591,TlSe,Tl,Se
2592,Tl2Se,Tl,Se
2593,TlBr,Tl,Br
2594,Tl2O,Tl,O
2595,Tl2O3,Tl,O
2596,TlN3,Tl,N
2597,TiB2,Ti,B
2598,Ti2C,Ti,C
2599,TiTc,Ti,Tc
2600,TiTc2,Ti,Tc
2601,TiAs,Ti,As
2602,TiAs2,Ti,As
2603,Ti4As,Ti,As
2604,TiSi2,Ti,Si
2605,TiBe12,Ti,Be
2606,TiBe3,Ti,Be
2607,TiP,Ti,P
2608,TiN,Ti,N
2609,TiI2,Ti,I
2610,TiI3,Ti,I
2611,TiI4,Ti,I
2612,TiH2,Ti,H
2613,TiH4,Ti,H
2614,TiF3,Ti,F
2615,TiF4,Ti,F
2616,TiCl2,Ti,Cl
2617,TiCl3,Ti,Cl
2618,TiCl4,Ti,Cl
2619,TiB2,Ti,B
2620,TiC,Ti,C
2621,TiO,Ti,O
2622,T2iO3,Ti,O
2623,TiO2,Ti,O
2624,TiO3,Ti,O
2625,TiS,Ti,S
2626,TiS2,Ti,S
2627,TiS3,Ti,S
2628,Ti2S,Ti,S
2629,Ti2S3,Ti,S
2630,TiSe,Ti,Se
2631,TiSe2,Ti,Se
2632,TiTe,Ti,Te
2633,TiTe2,Ti,Te
2634,TiAs,Ti,As
2635,TiAs2,Ti,As
2636,TiSb,Ti,Sb
2637,TiSb2,Ti,Sb
2638,Ti3Sb,Ti,Sb
2639,Ti2Bi,Ti,Bi
2640,Ti3Bi,Ti,Bi
2641,TiGe,Ti,Ge
2642,TiGe2,Ti,Ge
2643,Ti5Ge3,Ti,Ge
2644,Ti6Sn5,Ti,Sn
2645,Ti2Pb,Ti,Pb
2646,Ti4Pb,Ti,Pb
2647,TiB,Ti,B
2648,Ti2B,Ti,B
2649,TiB2,Ti,B
2650,Ti3B4,Ti,B
2651,TiAl,Ti,Al
2652,TiAl3,Ti,Al
2653,TiGa,Ti,Ga
2654,Ti2Ga,Ti,Ga
2655,Ti3Ga,Ti,Ga
2656,Ti3In,Ti,In
2657,Ti4Tl,Ti,Tl
2658,TiBe,Ti,Be
2659,TiBe2,Ti,Be
2660,TiBe14,Ti,Be
2661,TiCu,Ti,Cu
2662,TiCu2,Ti,Cu
2663,Ti2Cu,Ti,Cu
2664,Ti2Cu3,Ti,Cu
2665,TiAg,Ti,Ag
2666,Ti3Ag,Ti,Ag
2667,TiAu,Ti,Au
2668,Ti3Au,Ti,Au
2669,Ti6Au,Ti,Au
2670,TiAu2,Ti,Au
2671,TiAu4,Ti,Au
2672,TiZn,Ti,Zn
2673,TiZn2,Ti,Zn
2674,TiZn3,Ti,Zn
2675,TiCd,Ti,Cd
2676,Ti2Cd,Ti,Cd
2677,TiCr2,Ti,Cr
2678,TiMn2,Ti,Mn
2679,Ti5Re24,Ti,Re
2680,TiFe,Ti,Fe
2681,Ti2Fe,Ti,Fe
2682,TiFe2,Ti,Fe
2683,TiCo,Ti,Co
2684,Ti2Co,Ti,Co
2685,TiCo2,Ti,Co
2686,TiNi,Ti,Ni
2687,Ti2Ni,Ti,Ni
2688,TiNi3,Ti,Ni
2689,TiHg,Ti,Hg
2690,Ti3Hg,Ti,Hg
2691,TiBr2,Ti,Br
2692,TiBr3,Ti,Br
2693,TiBr4,Ti,Br
2694,TaH,Ta,H
2695,Ta2H,Ta,H
2696,TaRh2,Ta,Rh
2697,TaRh3,Ta,Rh
2698,Ta2Rh,Ta,Rh
2699,Ta2Rh3,Ta,Rh
2700,TaFe,Ta,Fe
2701,TaFe2,Ta,Fe
2702,TaTc,Ta,Tc
2703,TaTc4,Ta,Tc
2704,TaZn,Ta,Zn
2705,TaBe2,Ta,Be
2706,TaV2,Ta,V
2707,TaCr2,Ta,Cr
2708,TaMn2,Ta,Mn
2709,TaRe,Ta,Re
2710,TaRe4,Ta,Re
2711,TaFe,Ta,Fe
2712,TaFe2,Ta,Fe
2713,TaCo2,Ta,Co
2714,TaCo3,Ta,Co
2715,TaCo8,Ta,Co
2716,TaNi,Ta,Ni
2717,TaNi2,Ta,Ni
2718,TaNi3,Ta,Ni
2719,TaRu,Ta,Ru
2720,TaRh,Ta,Rh
2721,Ta3Rh,Ta,Rh
2722,TaSe2,Ta,Se
2723,TaSe3,Ta,Se
2724,TaTe4,Ta,Te
2725,Ta2Te,Ta,Te
2726,TaTe2,Ta,Te
2727,Ta2Te5,Ta,Te
2728,TaAs,Ta,As
2729,TaAs2,Ta,As
2730,Ta3As,Ta,As
2731,Ta3Sb,Ta,Sb
2732,Ta5Sb4,Ta,Sb
2733,TaSb2,Ta,Sb
2734,TaB2,Ta,B
2735,Ta2B,Ta,B
2736,TaC,Ta,C
2737,Ta2C,Ta,C
2738,TaSi2,Ta,Si
2739,Ta2Si,Ta,Si
2740,Ta5Si3,Ta,Si
2741,Ta9Si2,Ta,Si
2742,TaGe2,Ta,Ge
2743,Ta2Ge,Ta,Ge
2744,Ta3Ge,Ta,Ge
2745,Ta3Sn,Ta,Sn
2746,Ta2Sn3,Ta,Sn
2747,Ta2B,Ta,B
2748,TaB,Ta,B
2749,TaB2,Ta,B
2750,Ta3B2,Ta,B
2751,TaAl2,Ta,Al
2752,TaAl3,Ta,Al
2753,Ta2Al,Ta,Al
2754,Ta3Al,Ta,Al
2755,Ta5Ga2,Ta,Ga
2756,Ta5Ga3,Ta,Ga
2757,TaGa3,Ta,Ga
2758,TaBe2,Ta,Be
2759,TaBe3,Ta,Be
2760,Ta3Be2,Ta,Be
2761,Ta2Be,Ta,Be
2762,TaBe12,Ta,Be
2763,TaP,Ta,P
2764,TaP2,Ta,P
2765,Ta2P,Ta,P
2766,Ta3P,Ta,P
2767,TaN,Ta,N
2768,Ta2N,Ta,N
2769,TaI5,Ta,I
2770,TaB2,Ta,B
2771,TaF5,Ta,F
2772,TaCl5,Ta,Cl
2773,TaC,Ta,C
2774,Ta2C,Ta,C
2775,TaBr5,Ta,Br
2776,Ta2O5,Ta,O
2777,TaS2,Ta,S
2778,CH4,C,H
2779,CS2,C,S
2780,CSe2,C,Se
2781,C3O2,C,O
2782,CO2,C,O
2783,CO,C,O
2784,CI4,C,I
2785,CF4,C,F
2786,CCl4,C,Cl
2787,C2Cl4,C,Cl
2788,C2Cl6,C,Cl
2789,CBr4,C,Br
2790,C2Br4,C,Br
2791,C2Br6,C,Br
2792,C8Br,C,Br
2793,CS,C,S
2794,CS2,C,S
2795,C3S2,C,S
2796,TbH2,Tb,H
2797,TbH3,Tb,H
2798,TbTc2,Tb,Tc
2799,TbB4,Tb,B
2800,TbB6,Tb,B
2801,Tb2Po3,Tb,Po
2802,TbTl,Tb,Tl
2803,Tb2Tl,Tb,Tl
2804,TbAl2,Tb,Al
2805,TbIn3,Tb,In
2806,TbGe,Tb,Ge
2807,Tb5Ge3,Tb,Ge
2808,TbSi,Tb,Si
2809,TbBr3,Tb,Br
2810,TbI3,Tb,I
2811,TbF3,Tb,F
2812,TbS,Tb,S
2813,Tb2S3,Tb,S
2814,Tb2O3,Tb,O
2815,TbBi,Tb,Bi
2816,TbSb,Tb,Sb
2817,TbAs,Tb,As
2818,TbN,Tb,N
2819,TbP,Tb,P
2820,TbC2,Tb,C
2821,Tb2C3,Tb,C
2822,TbBe13,Tb,Be
2823,TbCl3,Tb,Cl
2824,Tb2O3,Tb,O
2825,Tb4O7,Tb,O
2826,SbH3,Sb,H
2827,Sb2Te3,Sb,Te
2828,SbI3,Sb,I
2829,SbF3,Sb,F
2830,SbF5,Sb,F
2831,SbH3,Sb,H
2832,Sb2S3,Sb,S
2833,Sb2S5,Sb,S
2834,Sb2S5,Sb,S
2835,SbCl3,Sb,Cl
2836,SbCl5,Sb,Cl
2837,SbH3,Sb,H
2838,SbAs,Sb,As
2839,AlSb,Al,Sb
2840,GaSb,Ga,Sb
2841,Sb2Se3,Sb,Se
2842,SbBr3,Sb,Br
2843,Sb2O3,Sb,O
2844,Sb2O4,Sb,O
2845,Sb2O5,Sb,O
2846,FeH,Fe,H
2847,FeH2,Fe,H
2848,FeNi3,Fe,Ni
2849,FeRh,Fe,Rh
2850,FeCo,Fe,Co
2851,FeZn10,Fe,Zn
2852,FeZn13,Fe,Zn
2853,Fe3Zn10,Fe,Zn
2854,Fe3Re2,Fe,Re
2855,FeTc,Fe,Tc
2856,Fe2Tc3,Fe,Tc
2857,Fe3Tc2,Fe,Tc
2858,FeV,Fe,V
2859,Fe2Hf,Fe,Hf
2860,FeHf2,Fe,Hf
2861,Fe2Zr,Fe,Zr
2862,Fe3Zr,Fe,Zr
2863,FeZr2,Fe,Zr
2864,FeZr4,Fe,Zr
2865,Fe2As2,Fe,As
2866,Fe2As,Fe,As
2867,FeAs,Fe,As
2868,FeAs2,Fe,As
2869,FeSb,Fe,Sb
2870,FeSb2,Fe,Sb
2871,Fe3Sb2,Fe,Sb
2872,FeB,Fe,B
2873,FeB19,Fe,B
2874,Fe2B,Fe,B
2875,Fe3Al,Fe,Al
2876,FeAl,Fe,Al
2877,FeAl2,Fe,Al
2878,FeAl3,Fe,Al
2879,Fe2Al5,Fe,Al
2880,Fe2Al7,Fe,Al
2881,Fe3Ga,Fe,Ga
2882,FeGa3,Fe,Ga
2883,Fe2C,Fe,C
2884,Fe3C,Fe,C
2885,Fe4C,Fe,C
2886,FeSi,Fe,Si
2887,FeSi2,Fe,Si
2888,Fe3Si,Fe,Si
2889,Fe5Si3,Fe,Si
2890,FeGe,Fe,Ge
2891,FeGe2,Fe,Ge
2892,Fe3Ge,Fe,Ge
2893,Fe4Ge3,Fe,Ge
2894,FeSn,Fe,Sn
2895,FeSn2,Fe,Sn
2896,Fe3Sn,Fe,Sn
2897,Fe3Sn2,Fe,Sn
2898,FeBe2,Fe,Be
2899,FeN,Fe,N
2900,Fe2N,Fe,N
2901,Fe4N,Fe,N
2902,FeAs2,Fe,As
2903,FeI2,Fe,I
2904,FeI3,Fe,I
2905,Fe3I8,Fe,I
2906,FeS2,Fe,S
2907,FeS,Fe,S
2908,Fe2S3,Fe,S
2909,FeF2,Fe,F
2910,FeF3,Fe,F
2911,Fe2P,Fe,P
2912,Fe2P2,Fe,P
2913,FeP,Fe,P
2914,Fe3P,Fe,P
2915,FeSi,Fe,Si
2916,FeS,Fe,S
2917,Fe2S3,Fe,S
2918,FeCl2,Fe,Cl
2919,FeCl3,Fe,Cl
2920,Fe3C,Fe,C
2921,FeSe,Fe,Se
2922,FeSe2,Fe,Se
2923,Fe2Se3,Fe,Se
2924,FeTe2,Fe,Te
2925,Fe2Te,Fe,Te
2926,Fe2Te3,Fe,Te
2927,FeBr2,Fe,Br
2928,FeBr3,Fe,Br
2929,FeO,Fe,O
2930,Fe3O4,Fe,O
2931,Fe2O3,Fe,O
2932,CuB22,Cu,B
2933,Cu3Sb2,Cu,Sb
2934,Cu4Zr,Cu,Zr
2935,CuZr2,Cu,Zr
2936,CuTh,Cu,Th
2937,Cu2Th,Cu,Th
2938,CuTh2,Cu,Th
2939,Cu2Pr,Cu,Pr
2940,Cu5Pr,Cu,Pr
2941,CuY,Cu,Y
2942,Cu2Y,Cu,Y
2943,Cu4Y,Cu,Y
2944,Cu5Y,Cu,Y
2945,Cu3Al,Cu,Al
2946,CuAl2,Cu,Al
2947,Cu3Si,Cu,Si
2948,Cu5Si,Cu,Si
2949,Cu3Ge,Cu,Ge
2950,Cu5Ge3,Cu,Ge
2951,CuBe3,Cu,Be
2952,Cu3N,Cu,N
2953,Cu(N3)2,Cu,N
2954,Cu3As,Cu,As
2955,Cu8As,Cu,As
2956,Cu2Sb,Cu,Sb
2957,Cu2Sb3,Cu,Sb
2958,Cu3P2,Cu,P
2959,Cu2P,Cu,P
2960,Cu3P,Cu,P
2961,CuI,Cu,I
2962,CuI2,Cu,I
2963,CuF,Cu,F
2964,CuF2,Cu,F
2965,Cu2S,Cu,S
2966,CuS,Cu,S
2967,CuH,Cu,H
2968,CuH2,Cu,H
2969,Cu2H2,Cu,H
2970,CuCl,Cu,Cl
2971,CuCl2,Cu,Cl
2972,Cu2Se,Cu,Se
2973,CuSe,Cu,Se
2974,CuBr,Cu,Br
2975,CuBr2,Cu,Br
2976,Cu2O,Cu,O
2977,CuO,Cu,O
2978,ThTc2,Th,Tc
2979,ThB4,Th,B
2980,ThB6,Th,B
2981,Th2Al,Th,Al
2982,Th3Al,Th,Al
2983,ThAl,Th,Al
2984,ThAl2,Th,Al
2985,ThAl3,Th,Al
2986,ThIn3,Th,In
2987,Th2Zn,Th,Zn
2988,ThZn2,Th,Zn
2989,ThZn4,Th,Zn
2990,ThNi2,Th,Ni
2991,ThCo5,Th,Co
2992,ThFe3,Th,Fe
2993,ThRu2,Th,Ru
2994,ThOs2,Th,Os
2995,ThIr3,Th,Ir
2996,ThO2,Th,O
2997,ThS2,Th,S
2998,Th2S3,Th,S
2999,ThN,Th,N
3000,Th2N3,Th,N
3001,ThC,Th,C
3002,ThC2,Th,C
3003,ThBe13,Th,Be
3004,ThC,Th,C
3005,ThN,Th,N
3006,ThI4,Th,I
3007,ThF4,Th,F
3008,ThCl4,Th,Cl
3009,ThSi2,Th,Si
3010,ThBr4,Th,Br
3011,ThH2,Th,H
3012,ThH15,Th,H
3013,ThO2,Th,O
3014,ThP,Th,P
3015,ThS,Th,S
3016,ThS2,Th,S
3017,Th2S3,Th,S
3018,ThSe,Th,Se
3019,ThSe2,Th,Se
3020,Th2Se3,Th,Se
3021,ThTe,Th,Te
3022,ThTe2,Th,Te
3023,Th2Te3,Th,Te
3024,ThAs,Th,As
3025,ThAs2,Th,As
3026,ThSb,Th,Sb
3027,ThSb2,Th,Sb
3028,ThBi2,Th,Bi
3029,Th3Bi4,Th,Bi
3030,ThGe,Th,Ge
3031,ThGe2,Th,Ge
3032,Th2Ge3,Th,Ge
3033,WTc3,W,Tc
3034,WFe2,W,Fe
3035,W6Fe7,W,Fe
3036,W2Re3,W,Re
3037,W3Rh2,W,Rh
3038,W2Zr,W,Zr
3039,WI2,W,I
3040,WI4,W,I
3041,WTe2,W,Te
3042,WP,W,P
3043,WP2,W,P
3044,W3P,W,P
3045,WB,W,B
3046,W2B,W,B
3047,WBe2,W,Be
3048,WAl2,W,Al
3049,WAl3,W,Al
3050,WAl4,W,Al
3051,WAl5,W,Al
3052,WAl12,W,Al
3053,WS2,W,S
3054,WS3,W,S
3055,WSe2,W,Se
3056,WF6,W,F
3057,WCl5,W,Cl
3058,WCl6,W,Cl
3059,WC,W,C
3060,W2C,W,C
3061,WB2,W,B
3062,WAs2,W,As
3063,W4As5,W,As
3064,WBr5,W,Br
3065,WBr6,W,Br
3066,WO2,W,O
3067,WO3,W,O
3068,WN,W,N
3069,WN2,W,N
3070,WSi2,W,Si
3071,W5Si3,W,Si
3072,Se2Cl2,Se,Cl
3073,Se2Br2,Se,Br
3074,SeBr2,Se,Br
3075,SeBr4,Se,Br
3076,SeF4,Se,F
3077,SeF6,Se,F
3078,Se2S6,Se,S
3079,SeCl4,Se,Cl
3080,Se4N4,Se,N
3081,Se4S4,Se,S
3082,SeBr4,Se,Br
3083,SeO2,Se,O
3084,SeO3,Se,O
3085,SnH4,Sn,H
3086,Sn3As2,Sn,As
3087,SnI2,Sn,I
3088,SnI4,Sn,I
3089,SnTe,Sn,Te
3090,SnF2,Sn,F
3091,SnF4,Sn,F
3092,SnS,Sn,S
3093,SnS2,Sn,S
3094,SnCl2,Sn,Cl
3095,SnCl4,Sn,Cl
3096,SnSe,Sn,Se
3097,SnSe2,Sn,Se
3098,SnBr2,Sn,Br
3099,SnBr4,Sn,Br
3100,SnO,Sn,O
3101,SnO2,Sn,O
3102,SnP,Sn,P
3103,SnP3,Sn,P
3104,Sn4P3,Sn,P
3105,XeF2,Xe,F
3106,XeF6,Xe,F
3107,XeCl2,Xe,Cl
3108,XeO3,Xe,O
3109,XeF4,Xe,F
3110,XeO4,Xe,O
3111,ZnB,Zn,B
3112,ZnAs2,Zn,As
3113,Zn3Sb2,Zn,Sb
3114,ZnH2,Zn,H
3115,Zn3N2,Zn,N
3116,ZnTe,Zn,Te
3117,ZnI2,Zn,I
3118,ZnF2,Zn,F
3119,ZnO2,Zn,O
3120,ZnP2,Zn,P
3121,Zn3P2,Zn,P
3122,ZnS,Zn,S
3123,ZnCl2,Zn,Cl
3124,ZnSe,Zn,Se
3125,ZnBr2,Zn,Br
3126,ZnO,Zn,O
3127,BrF3,Br,F
3128,BrF5,Br,F
3129,BrCl,Br,Cl
3130,Br2O,Br,O
3131,BrO2,Br,O
3132,Br3O8,Br,O
3133,O2F2,O,F
3134,OF2,O,F
3135,IrF3,Ir,F
3136,IrB,Ir,B
3137,IrF5,Ir,F
3138,IrF6,Ir,F
3139,IrCl3,Ir,Cl
3140,IrCl4,Ir,Cl
3141,Ir2O3,Ir,O
3142,IrO2,Ir,O
3143,IrBr3,Ir,Br
3144,IrBr4,Ir,Br
3145,IrI3,Ir,I
3146,IrS2,Ir,S
3147,Ir2S3,Ir,S
3148,IrSe2,Ir,Se
3149,IrSe3,Ir,Se
3150,Ir2Se3,Ir,Se
3151,Ir3Se8,Ir,Se
3152,IrTe,Ir,Te
3153,IrTe2,Ir,Te
3154,Ir3Te8,Ir,Te
3155,Ir2P,Ir,P
3156,IrP2,Ir,P
3157,IrP3,Ir,P
3158,IrAs,Ir,As
3159,IrAs2,Ir,As
3160,IrAs3,Ir,As
3161,IrSb,Ir,Sb
3162,IrSb2,Ir,Sb
3163,IrSb3,Ir,Sb
3164,IrBi,Ir,Bi
3165,IrBi2,Ir,Bi
3166,IrBi3,Ir,Bi
3167,Ir2Bi,Ir,Bi
3168,IrC,Ir,C
3169,IrC2,Ir,C
3170,IrSi,Ir,Si
3171,IrSi3,Ir,Si
3172,Ir3Si,Ir,Si
3173,Ir2Si,Ir,Si
3174,Ir3Si2,Ir,Si
3175,IrGe,Ir,Ge
3176,IrGe4,Ir,Ge
3177,Ir3Ge7,Ir,Ge
3178,Ir4Ge5,Ir,Ge
3179,IrSn,Ir,Sn
3180,IrSn2,Ir,Sn
3181,Ir3Sn7,Ir,Sn
3182,IrPb,Ir,Pb
3183,IrB,Ir,B
3184,IrAl,Ir,Al
3185,IrAl3,Ir,Al
3186,Ir2Al9,Ir,Al
3187,IrGa,Ir,Ga
3188,IrGa3,Ir,Ga
3189,Ir3Ga5,Ir,Ga
3190,Ir2Ga9,Ir,Ga
3191,IrIn3,Ir,In
3192,Ir2In3,Ir,In
3193,IrBe2,Ir,Be
3194,Ir2Be17,Ir,Be
3195,IrMg3,Ir,Mg
3196,IrMg4,Ir,Mg
3197,Ir7Mg44,Ir,Mg
3198,Ir2Ca,Ir,Ca
3199,Ir2Sr,Ir,Sr
3200,Ir3Sr,Ir,Sr
3201,Ir4Zn22,Ir,Zn
3202,IrSc,Ir,Sc
3203,Ir2Sc,Ir,Sc
3204,Ir3Sc,Ir,Sc
3205,Ir2Y,Ir,Y
3206,Ir4Y,Ir,Y
3207,Ir2Y3,Ir,Y
3208,Ir2La,Ir,La
3209,Ir3La,Ir,La
3210,Ir5La,Ir,La
3211,Ir2Ce,Ir,Ce
3212,Ir3Ce,Ir,Ce
3213,Ir5Ce,Ir,Ce
3214,Ir2Pr,Ir,Pr
3215,Ir2Nd,Ir,Nd
3216,Ir2Sm,Ir,Sm
3217,Ir2Eu,Ir,Eu
3218,Ir2Gd,Ir,Gd
3219,Ir2Tb,Ir,Tb
3220,Ir2Dy,Ir,Dy
3221,Ir2Ho,Ir,Ho
3222,IrEr,Ir,Er
3223,Ir2Er,Ir,Er
3224,IrTm,Ir,Tm
3225,Ir2Tm,Ir,Tm
3226,Ir2Yb,Ir,Yb
3227,IrLu,Ir,Lu
3228,Ir2Lu,Ir,Lu
3229,Ir3Ti,Ir,Ti
3230,IrTi3,Ir,Ti
3231,IrTi,Ir,Ti
3232,IrZr,Ir,Zr
3233,Ir2Zr,Ir,Zr
3234,Ir3Zr,Ir,Zr
3235,IrHf2,Ir,Hf
3236,IrHf,Ir,Hf
3237,Ir3Hf,Ir,Hf
3238,Ir3Hf5,Ir,Hf
3239,IrTh,Ir,Th
3240,Ir2Th,Ir,Th
3241,Ir3Th,Ir,Th
3242,Ir5Th,Ir,Th
3243,IrTh7,Ir,Th
3244,IrV,Ir,V
3245,IrV3,Ir,V
3246,Ir3V,Ir,V
3247,Ir3Nb,Ir,Nb
3248,IrNb3,Ir,Nb
3249,Ir3Ta,Ir,Ta
3250,IrCr,Ir,Cr
3251,IrCr3,Ir,Cr
3252,IrMo,Ir,Mo
3253,Ir3Mo,Ir,Mo
3254,IrMo3,Ir,Mo
3255,IrW,Ir,W
3256,Ir3W,Ir,W
3257,IrU,Ir,U
3258,IrU3,Ir,U
3259,Ir2U3,Ir,U
3260,Ir2U,Ir,U
3261,Ir3U,Ir,U
3262,IrMn,Ir,Mn
3263,IrMn,Ir,Mn
3264,IrFe,Ir,Fe
3265,YH2,Y,H
3266,YH3,Y,H
3267,YTc2,Y,Tc
3268,YB2,Y,B
3269,YB4,Y,B
3270,YI3,Y,I
3271,YBi,Y,Bi
3272,Y4Bi3,Y,Bi
3273,YBe13,Y,Be
3274,YF3,Y,F
3275,Y2S3,Y,S
3276,YSe,Y,Se
3277,YSe,Y,Se
3278,YTe3,Y,Te
3279,Y2Te3,Y,Te
3280,Y2Te5,Y,Te
3281,YCl3,Y,Cl
3282,YAs,Y,As
3283,YSb,Y,Sb
3284,YSb2,Y,Sb
3285,Y4Sb3,Y,Sb
3286,YB2,Y,B
3287,YB4,Y,B
3288,YB6,Y,B
3289,YAl,Y,Al
3290,Y2Al,Y,Al
3291,YAl2,Y,Al
3292,YAl3,Y,Al
3293,Y3Al2,Y,Al
3294,YIn,Y,In
3295,YN,Y,N
3296,YP,Y,P
3297,YAs,Y,As
3298,YC,Y,C
3299,YC2,Y,C
3300,Y2C3,Y,C
3301,YSi,Y,Si
3302,YSi2,Y,Si
3303,Y5Si3,Y,Si
3304,Y3Si5,Y,Si
3305,YGe,Y,Ge
3306,YGe2,Y,Ge
3307,Y2Ge3,Y,Ge
3308,Y5Ge3,Y,Ge
3309,YBr3,Y,Br
3310,Y2O3,Y,O
3311,YbB4,Yb,B
3312,YbB6,Yb,B
3313,Yb2Se3,Yb,Se
3314,Yb3Se4,Yb,Se
3315,YbTl,Yb,Tl
3316,Yb2Tl,Yb,Tl
3317,YbIn,Yb,In
3318,YbIn3,Yb,In
3319,Yb2Po3,Yb,Po
3320,YbGe,Yb,Ge
3321,Yb5Ge3,Yb,Ge
3322,YbSi,Yb,Si
3323,YbBr2,Yb,Br
3324,YbBr3,Yb,Br
3325,YbI2,Yb,I
3326,YbI3,Yb,I
3327,Yb2O3,Yb,O
3328,Yb2S3,Yb,S
3329,YbBi,Yb,Bi
3330,YbSb,Yb,Sb
3331,YbAs,Yb,As
3332,YbN,Yb,N
3333,YbP,Yb,P
3334,YbC2,Yb,C
3335,Yb2C3,Yb,C
3336,YbBe13,Yb,Be
3337,YbH2,Yb,H
3338,YbF3,Yb,F
3339,YbCl3,Yb,Cl
3340,YbCl2,Yb,Cl
3341,Yb2O3,Yb,O
3342,InN,In,N
3343,In2Te3,In,Te
3344,InF3,In,F
3345,InBr,In,Br
3346,InBr3,In,Br
3347,InI,In,I
3348,InI3,In,I
3349,InP,In,P
3350,InCl2,In,Cl
3351,InS,In,S
3352,In2S,In,S
3353,In2S3,In,S
3354,In2Se,In,Se
3355,In2Se3,In,Se
3356,InSe,In,Se
3357,InTe,In,Te
3358,In2Te,In,Te
3359,In2Te3,In,Te
3360,InCl3,In,Cl
3361,InAs,In,As
3362,InSb,In,Sb
3363,In2O3,In,O
3364,AuAg,Au,Ag
3365,AgH,Ag,H
3366,Ag3As,Ag,As
3367,Ag2Se,Ag,Se
3368,AgB2,Ag,B
3369,AgP2,Ag,P
3370,AgP3,Ag,P
3371,Ag2Al,Ag,Al
3372,AgBe2,Ag,Be
3373,AgN3,Ag,N
3374,Ag2C2,Ag,C
3375,AgI,Ag,I
3376,AgF,Ag,F
3377,Ag2F,Ag,F
3378,AgF2,Ag,F
3379,Ag2S,Ag,S
3380,AgCl,Ag,Cl
3381,AgTe,Ag,Te
3382,Ag2Sb,Ag,Sb
3383,AgBr,Ag,Br
3384,AgO,Ag,O
3385,Ag2O,Ag,O
3386,Ag2O2,Ag,O
3387,Ag2O3,Ag,O
3388,AgZr,Ag,Zr
3389,AgZr2,Ag,Zr
3390,UB2,U,B
3391,UB4,U,B
3392,U2Tc,U,Tc
3393,UAl2,U,Al
3394,UAl3,U,Al
3395,UAl4,U,Al
3396,UAl5,U,Al
3397,UGa,U,Ga
3398,UGa2,U,Ga
3399,UGa3,U,Ga
3400,UTl3,U,Tl
3401,UMn2,U,Mn
3402,U6Mn,U,Mn
3403,U2Ti,U,Ti
3404,UFe2,U,Fe
3405,U6Fe,U,Fe
3406,UCo,U,Co
3407,UCo2,U,Co
3408,U6Co,U,Co
3409,UNi2,U,Ni
3410,UNi5,U,Ni
3411,UNi6,U,Ni
3412,UPd3,U,Pd
3413,UOs2,U,Os
3414,UIr2,U,Ir
3415,UIr3,U,Ir
3416,U2Zn17,U,Zn
3417,UHg2,U,Hg
3418,UHg3,U,Hg
3419,UHg4,U,Hg
3420,UCu5,U,Cu
3421,UN,U,N
3422,UN2,U,N
3423,U2N3,U,N
3424,UC,U,C
3425,U2C3,U,C
3426,UC2,U,C
3427,USi,U,Si
3428,U3Si,U,Si
3429,U3Si2,U,Si
3430,UGe2,U,Ge
3431,UGe3,U,Ge
3432,U7Ge,U,Ge
3433,Sn3U,Sn,U
3434,Sn4U5,Sn,U
3435,UBe13,U,Be
3436,UB2,U,B
3437,UC,U,C
3438,UC2,U,C
3439,U3O8,U,O
3440,UI3,U,I
3441,UI4,U,I
3442,UO4,U,O
3443,UF4,U,F
3444,UF6,U,F
3445,UCl3,U,Cl
3446,UCl4,U,Cl
3447,UCl5,U,Cl
3448,UCl6,U,Cl
3449,UH3,U,H
3450,UBr3,U,Br
3451,UBr4,U,Br
3452,UO2,U,O
3453,UO3,U,O
3454,UP,U,P
3455,UP2,U,P
3456,U3P4,U,P
3457,US,U,S
3458,US2,U,S
3459,USe,U,Se
3460,USe3,U,Se
3461,USi,U,Si
3462,USi2,U,Si
3463,USi3,U,Si
3464,UTe,U,Te
3465,UTe2,U,Te
3466,UTe3,U,Te
3467,U3Te4,U,Te
3468,UN,U,N
3469,UN2,U,N
3470,U2N3,U,N
3471,UAs,U,As
3472,UAs2,U,As
3473,USb,U,Sb
3474,USb2,U,Sb
3475,U4Sb3,U,Sb
3476,U3Sb4,U,Sb
3477,UBi,U,Bi
3478,UBi2,U,Bi
3479,U3Bi4,U,Bi
3480,EuTe,Eu,Te
3481,EuH2,Eu,H
3482,EuAl2,Eu,Al
3483,EuTl,Eu,Tl
3484,Eu2Tl,Eu,Tl
3485,EuTl3,Eu,Tl
3486,Eu2Po3,Eu,Po
3487,EuSi,Eu,Si
3488,EuSe,Eu,Se
3489,EuGe,Eu,Ge
3490,Eu5Ge3,Eu,Ge
3491,EuB4,Eu,B
3492,EuB6,Eu,B
3493,EuBr2,Eu,Br
3494,EuBr3,Eu,Br
3495,EuI2,Eu,I
3496,EuI3,Eu,I
3497,EuS,Eu,S
3498,Eu2S3,Eu,S
3499,Eu2O3,Eu,O
3500,EuBi,Eu,Bi
3501,EuSb,Eu,Sb
3502,EuAs,Eu,As
3503,EuN,Eu,N
3504,EuP,Eu,P
3505,EuC2,Eu,C
3506,Eu2C3,Eu,C
3507,EuBe13,Eu,Be
3508,EuCl3,Eu,Cl
3509,EuCl2,Eu,Cl
3510,EuF2,Eu,F
3511,EuF3,Eu,F
3512,Eu2O3,Eu,O
3513,Ge3N4,Ge,N
3514,GeTe,Ge,Te
3515,Ge2Te3,Ge,Te
3516,GeI2,Ge,I
3517,GeI4,Ge,I
3518,GeF2,Ge,F
3519,GeF4,Ge,F
3520,GeS2,Ge,S
3521,GeS,Ge,S
3522,GeP,Ge,P
3523,GeP3,Ge,P
3524,GeCl2,Ge,Cl
3525,GeCl4,Ge,Cl
3526,GeH4,Ge,H
3527,GeSe2,Ge,Se
3528,GeSe,Ge,Se
3529,GeBr2,Ge,Br
3530,GeBr4,Ge,Br
3531,GeO2,Ge,O
3532,GeO,Ge,O
3533,Ge2H6,Ge,H
3534,NaAu,Na,Au
3535,KAu,K,Au
3536,RbAu,Rb,Au
3537,CsAu,Cs,Au
3538,AuPd,Au,Pd
3539,AuPt,Au,Pt
3540,AuRh,Au,Rh
3541,AuIr,Au,Ir
3542,AuSb,Au,Sb
3543,AuAg,Au,Ag
3544,AuTe2,Au,Te
3545,HgNa,Hg,Na
3546,HgAl,Hg,Al
3547,HgZn,Hg,Zn
3548,HgPt,Hg,Pt
3549,AgHg,Ag,Hg
3550,Ag2Hg3,Ag,Hg
3551,HgPb2,Hg,Pb
3552,Hg3U,Hg,U
3553,HgZr3,Hg,Zr
3554,Hg2Sr3,Hg,Sr
3555,HgTi3,Hg,Ti
3556,Hg2K,Hg,K
3557,Hg11Rb,Hg,Rb
3558,Hg4Pd,Hg,Pd
3559,Hg2Rh,Hg,Rh
3560,HgTl,Hg,Tl
3561,Ag2Hg3,Ag,Hg
3562,HgTe,Hg,Te
3563,HgSe,Hg,Se
3564,Ir2Os,Ir,Os
3565,Pd2Pt,Pd,Pt
3566,Pt2Ir,Pt,Ir
3567,PtRh,Pt,Rh
3568,PtFe2,Pt,Fe
3569,PtCo,Pt,Co
3570,NiPt,Ni,Pt
3571,PtNi,Pt,Ni
3572,PtAu,Pt,Au
3573,PtAg,Pt,Ag
3574,BiPt,Bi,Pt
3575,PtTe,Pt,Te
3576,Pt3Sn2,Pt,Sn
3577,PtSb,Pt,Sb
3578,PtTe,Pt,Te
3579,PtAs2,Pt,As
3580,Ru3Fe,Ru,Fe
3581,Pd3Sb,Pd,Sb
3582,Pd3Sn2,Pd,Sn
3583,Pd2Bi,Pd,Bi
3584,Pd3As,Pd,As
3585,PdTe2,Pd,Te
3586,Pd2Se,Pd,Se
3587,PdHg,Pd,Hg
3588,Ag2Te,Ag,Te
3589,Ag6Bi,Ag,Bi
3590,AgSb,Ag,Sb
3591,Ag2Se,Ag,Se
3592,NiAs3,Ni,As
3593,NiTe2,Ni,Te
3594,FeNi,Fe,Ni
3595,PbFe,Pb,Fe
3596,NiSb,Ni,Sb
3597,Cu2As,Cu,As
3598,Cu3Te2,Cu,Te
3599,Cu2Te,Cu,Te
3600,PbTe,Pb,Te
3601,NaPb,Na,Pb
3602,FeTe,Fe,Te
3603,FeAs,Fe,As
3604,MoFe2,Mo,Fe
3605,WFe2,W,Fe
3606,NbFe2,Nb,Fe
3607,TiFe2,Ti,Fe
3608,Ni3Se4,Ni,Se
3609,Cu3Se,Cu,Se
3610,CdSe,Cd,Se
3611,Cu3Se4,Cu,Se
3612,CoAs2,Co,As
3613,Bi2Te3,Bi,Te
3614,Bi2Se3,Bi,Se
3615,Cu3Sn,Cu,Sn
3616,Al2Zn3,Al,Zn
3617,CuZn,Cu,Zn
3618,Fe5Zn21,Fe,Zn
3619,MgZn2,Mg,Zn
3620,Cu5Zn8,Cu,Zn
3621,Ag3Al,Ag,Al
3622,Cu9Al4,Cu,Al
3623,TiAl,Ti,Al
3624,NiAl,Ni,Al
3625,FeAl,Fe,Al
3626,Al11Mn4,Al,Mn
3627,Ag3Al,Ag,Al
3628,AlPt,Al,Pt
3629,AlAu4,Al,Au
3630,AlCo,Al,Co
3631,AlCr,Al,Cr
3632,AlEr2,Al,Er
3633,AlGd,Al,Gd
3634,AlLa,Al,La
3635,AlMo3,Al,Mo
3636,AlNb2,Al,Nb
3637,AlPd,Al,Pd
3638,AlSm,Al,Sm
3639,AlTa2,Al,Ta
3640,AlTb,Al,Tb
3641,AlTh2,Al,Th
3642,AlV3,Al,V
3643,AlZr3,Al,Zr
3644,Al2Dy,Al,Dy
3645,Al2U,Al,U
3646,Al2Y3,Al,Y
3647,Al3Ce,Al,Ce
3648,Al3Hf,Al,Hf
3649,Al3Ho,Al,Ho
3650,Al3Mg2,Al,Mg
3651,Al3Yb,Al,Yb
3652,Al12W,Al,W
3653,AlNd2,Al,Nd
3654,AlRu,Al,Ru
3655,Al2Ca,Al,Ca
3656,Al2Sc,Al,Sc
3657,NaZn13,Na,Zn
3658,NaY,Na,Y
3659,AgLi,Ag,Li
3660,KLi,K,Li
3661,LiRb,Li,Rb
3662,LiZn,Li,Zn
3663,LiNa,Li,Na
3664,LiMg,Li,Mg
3665,Li2Pd,Li,Pd
3666,Li2Pt,Li,Pt
3667,Li4Pb,Li,Pb
3668,Hg3Li,Hg,Li
3669,LiNi,Li,Ni
3670,LiTi,Li,Ti
3671,LiSc,Li,Sc
3672,LiV,Li,V
3673,LiTa3,Li,Ta
3674,LiSr7,Li,Sr
3675,LiMn,Li,Mn
3676,KRb2,K,Rb
3677,KZn,K,Zn
3678,AgK,Ag,K
3679,K5Na2,K,Na
3680,NaRb,Na,Rb
3681,RbZn13,Rb,Zn
3682,CsLi,Cs,Li
3683,CsNa,Cs,Na
3684,AuCs,Au,Cs
3685,CsK,Cs,K
3686,CsRb,Cs,Rb
3687,CsHg2,Cs,Hg
3688,Cs4Pb9,Cs,Pb
3689,CsFr,Cs,Fr
3690,Cs2Pt,Cs,Pt
3691,FrNa,Fr,Na
3692,FrLi,Fr,Li
3693,FrK,Fr,K
3694,FrRb,Fr,Rb
3695,Be12Nb,Be,Nb
3696,Be13Ce,Be,Ce
3697,Be13Gd,Be,Gd
3698,Be13U,Be,U
3699,BeCu,Be,Cu
3700,Be2Cr,Be,Cr
3701,Be12Ti,Be,Ti
3702,Be2Fe,Be,Fe
3703,Be12V,Be,V
3704,BeLi,Be,Li
3705,BeTa,Be,Ta
3706,BeMg,Be,Mg
3707,BeNa,Be,Na
3708,BePd2,Be,Pd
3709,AuBe,Au,Be
3710,BeCu2,Be,Cu
3711,Be2Zr,Be,Zr
3712,BeZn,Be,Zn
3713,BeK,Be,K
3714,Be2Co5,Be,Co
3715,AgMg,Ag,Mg
3716,MgY,Mg,Y
3717,MgZn2,Mg,Zn
3718,Mg2Pb,Mg,Pb
3719,Mg2Tb,Mg,Tb
3720,Mg2Yb,Mg,Yb
3721,Mg3Nd,Mg,Nd
3722,MgNi2,Mg,Ni
3723,MgTm,Mg,Tm
3724,Mg6Pd,Mg,Pd
3725,MgPt3,Mg,Pt
3726,KMg,K,Mg
3727,Mg2Pm,Mg,Pm
3728,Mg2Sr,Mg,Sr
3729,MgTi,Mg,Ti
3730,MgRh,Mg,Rh
3731,Mg3Ru,Mg,Ru
3732,Mg11Sm,Mg,Sm
3733,MgNa6,Mg,Na
3734,Mg3Re,Mg,Re
3735,MgW4,Mg,W
3736,CaCu5,Ca,Cu
3737,CaPb3,Ca,Pb
3738,CaMg2,Ca,Mg
3739,CaZn2,Ca,Zn
3740,CaNi5,Ca,Ni
3741,AgCa,Ag,Ca
3742,Ca3Hg2,Ca,Hg
3743,AuCa,Au,Ca
3744,CaPd2,Ca,Pd
3745,CaLi,Ca,Li
3746,CaNa,Ca,Na
3747,CaK,Ca,K
3748,CaCo2,Ca,Co
3749,CaFe,Ca,Fe
3750,BaCu,Ba,Cu
3751,BaPd3,Ba,Pd
3752,BaHg11,Ba,Hg
3753,Ba5Bi3,Ba,Bi
3754,BaZn13,Ba,Zn
3755,BaPb,Ba,Pb
3756,BaNa,Ba,Na
3757,BaLi,Ba,Li
3758,BaMg2,Ba,Mg
3759,Ag5Ba,Ag,Ba
3760,AuBa,Au,Ba
3761,BaPt,Ba,Pt
3762,SrZn13,Sr,Zn
3763,SrZn,Sr,Zn
3764,GaV,Ga,V
3765,GaNb3,Ga,Nb
3766,SnV3,Sn,V
3767,PbNa,Pb,Na
3768,Cu4Sb,Cu,Sb
3769,BiCm,Bi,Cm
3770,BiDy,Bi,Dy
3771,BiGd,Bi,Gd
3772,BiHo,Bi,Ho
3773,BiNa3,Bi,Na
3774,BiTb,Bi,Tb
3775,BiTm,Bi,Tm
3776,BiYb,Bi,Yb
3777,Bi2U,Bi,U
3778,Bi2Zr,Bi,Zr
3779,BiK3,Bi,K
3780,BiPd,Bi,Pd
3781,Bi2Ce,Bi,Ce
3782,Bi2Mg3,Bi,Mg
3783,BiEr,Bi,Er
3784,BiLa,Bi,La
3785,BiNd,Bi,Nd
3786,Bi2Pt,Bi,Pt
3787,Bi3Eu4,Bi,Eu
3788,Bi3Ni,Bi,Ni
3789,BiLi3,Bi,Li
3790,BiY,Bi,Y
3791,Bi2Rh,Bi,Rh
3792,Bi3Sr,Bi,Sr
3793,BiTi,Bi,Ti
3794,BiRb3,Bi,Rb
3795,BiTh2,Bi,Th
3796,Bi2Cs,Bi,Cs
3797,Bi3Tb4,Bi,Tb
3798,Bi2Sm,Bi,Sm
3799,BiCa,Bi,Ca
3800,Bi3Pb7,Bi,Pb
3801,BiCr,Bi,Cr
3802,Bi2Rb,Bi,Rb
3803,BiPu,Bi,Pu
3804,BiCu5,Bi,Cu
3805,Bi9Hf8,Bi,Hf
3806,BiRu,Bi,Ru
3807,Au2Bi,Au,Bi
3808,BiIr2,Bi,Ir
3809,AgSc,Ag,Sc
3810,ScTi,Sc,Ti
3811,ScZn12,Sc,Zn
3812,ScV,Sc,V
3813,TiU2,Ti,U
3814,TiZn3,Ti,Zn
3815,TiW,Ti,W
3816,TiV,Ti,V
3817,TiZr,Ti,Zr
3818,VZn3,V,Zn
3819,VZr,V,Zr
3820,Cr2Nb,Cr,Nb
3821,Cr2Ta,Cr,Ta
3822,Cr2Ti,Cr,Ti
3823,CoCr,Co,Cr
3824,CrFe,Cr,Fe
3825,CrNi2,Cr,Ni
3826,Cr2Hf,Cr,Hf
3827,Cr2Zr,Cr,Zr
3828,Cr2Ru,Cr,Ru
3829,Cr3Pt,Cr,Pt
3830,CrCu,Cr,Cu
3831,Au4Cr,Au,Cr
3832,CrMo,Cr,Mo
3833,CrIr3,Cr,Ir
3834,AgCr,Ag,Cr
3835,CrV,Cr,V
3836,CrZn,Cr,Zn
3837,Cr2Re3,Cr,Re
3838,CrSc,Cr,Sc
3839,CrPd,Cr,Pd
3840,CrLi,Cr,Li
3841,CrMn3,Cr,Mn
3842,Cr2Sm3,Cr,Sm
3843,Hg5Mn2,Hg,Mn
3844,MnZn,Mn,Zn
3845,Mn2Y,Mn,Y
3846,MnNi3,Mn,Ni
3847,Mn2Sm,Mn,Sm
3848,Mn2Ti,Mn,Ti
3849,Mn2U,Mn,U
3850,Mn2Zr,Mn,Zr
3851,MnPd3,Mn,Pd
3852,Mn3Pt,Mn,Pt
3853,AgMn,Ag,Mn
3854,Mn2Tb,Mn,Tb
3855,MnV,Mn,V
3856,Mn12Th,Mn,Th
3857,Mn2Sc,Mn,Sc
3858,Mn12Nd,Mn,Nd
3859,MnRh,Mn,Rh
3860,FeNi3,Fe,Ni
3861,FePd,Fe,Pd
3862,FeTi2,Fe,Ti
3863,FeU6,Fe,U
3864,FeZn7,Fe,Zn
3865,Fe2Lu,Fe,Lu
3866,Fe2Mo,Fe,Mo
3867,Fe2Nb,Fe,Nb
3868,Fe2Nd,Fe,Nd
3869,Fe2Pu,Fe,Pu
3870,Fe2Sc,Fe,Sc
3871,Fe2Sm,Fe,Sm
3872,Fe2Ta,Fe,Ta
3873,Fe2Tb,Fe,Tb
3874,Fe2Tm,Fe,Tm
3875,Fe2W,Fe,W
3876,Fe2Y,Fe,Y
3877,Fe2Zr,Fe,Zr
3878,FeRh,Fe,Rh
3879,Fe3Th7,Fe,Th
3880,FePt3,Fe,Pt
3881,FeMn3,Fe,Mn
3882,Fe17Yb2,Fe,Yb
3883,FeV,Fe,V
3884,FeMg2,Fe,Mg
3885,FeRu,Fe,Ru
3886,Ag4Fe4,Ag,Fe
3887,Co7Gd2,Co,Gd
3888,CoHf,Co,Hf
3889,CoLa3,Co,La
3890,CoSc,Co,Sc
3891,CoV3,Co,V
3892,Co2Dy,Co,Dy
3893,Co2Er,Co,Er
3894,Co2Ho,Co,Ho
3895,Co2Lu,Co,Lu
3896,CO2Nb,Co,Nb
3897,Co2Nd,Co,Nd
3898,Co2Sm,Co,Sm
3899,Co2Tb,Co,Tb
3900,Co2Tm,Co,Tm
3901,Co2Y,Co,Y
3902,Co5Th,Co,Th
3903,Co7W6,Co,W
3904,CoMn,Co,Mn
3905,CoPt,Co,Pt
3906,Co2Ti,Co,Ti
3907,Co2Yb,Co,Yb
3908,Co2Zr,Co,Zr
3909,Co3Mo,Co,Mo
3910,Co3Ta,Co,Ta
3911,Co3Fe,Co,Fe
3912,Co5Zn21,Co,Zn
3913,CoNi3,Co,Ni
3914,Co3U,Co,U
3915,CO2Mg,Co,Mg
3916,NiTa,Ni,Ta
3917,NiPd3,Ni,Pd
3918,NbNi,Nb,Ni
3919,NiSc,Ni,Sc
3920,NiTi,Ni,Ti
3921,NiY,Ni,Y
3922,NiZn,Ni,Zn
3923,Ni2Tb,Ni,Tb
3924,Ni2V,Ni,V
3925,Ni5Tm,Ni,Tm
3926,Ni5Zr,Ni,Zr
3927,NiSm3,Ni,Sm
3928,Ni5U,Ni,U
3929,Ni3Pt,Ni,Pt
3930,Ni3W,Ni,W
3931,Ni5Y,Ni,Y
3932,Ni2Th,Ni,Th
3933,AgNi,Ag,Ni
3934,NiK,Ni,K
3935,Ni3Pu,Ni,Pu
3936,NiPb10,Ni,Pb
3937,Na4Ni,Na,Ni
3938,Cu5La,Cu,La
3939,Cu5Nd,Cu,Nd
3940,CuFe,Cu,Fe
3941,CuSr,Cu,Sr
3942,AuCu,Au,Cu
3943,CuDy,Cu,Dy
3944,CuEr,Cu,Er
3945,CuGd,Cu,Gd
3946,CuPt,Cu,Pt
3947,CuSc,Cu,Sc
3948,CuSm,Cu,Sm
3949,CuTi,Cu,Ti
3950,CuTm,Cu,Tm
3951,CuY,Cu,Y
3952,CuZr2,Cu,Zr
3953,CuZn,Cu,Zn
3954,CuMg2,Cu,Mg
3955,Cu3Pt,Cu,Pt
3956,CuEu,Cu,Eu
3957,Cu5U,Cu,U
3958,AgCu,Ag,Cu
3959,Cu3Pd,Cu,Pd
3960,CuMn,Cu,Mn
3961,CuNi,Cu,Ni
3962,Cu2Yb,Cu,Yb
3963,Cu5Ho,Cu,Ho
3964,Cu5Tb,Cu,Tb
3965,Cu5Hf,Cu,Hf
3966,CuNa,Cu,Na
3967,Cu2Th,Cu,Th
3968,Zn2Zr,Zn,Zr
3969,YZn,Y,Zn
3970,NbPd3,Nb,Pd
3971,NbRh3,Nb,Rh
3972,NbZr,Nb,Zr
3973,NbV,Nb,V
3974,NbPt3,Nb,Pt
3975,NbTa,Nb,Ta
3976,NbRu3,Nb,Ru
3977,NbTi4,Nb,Ti
3978,Nb5Si,Nb,Si
3979,Nb3Sn,Nb,Sn
3980,MoNi,Mo,Ni
3981,Mo2Zr,Mo,Zr
3982,Mo3Pt,Mo,Pt
3983,Mo5Ru3,Mo,Ru
3984,MoV,Mo,V
3985,MoRe,Mo,Re
3986,MoNb2,Mo,Nb
3987,MoZn,Mo,Zn
3988,Ru2Tb,Ru,Tb
3989,RuZr,Ru,Zr
3990,Ru3U,Ru,U
3991,Ru2Sc,Ru,Sc
3992,Ru2Y,Ru,Y
3993,RuTi,Ru,Ti
3994,RuV,Ru,V
3995,Ag3Ru,Ag,Ru
3996,RuZn3,Ru,Zn
3997,RhY,Rh,Y
3998,Rh3U,Rh,U
3999,Rh3Ti,Rh,Ti
4000,Rh2Tb,Rh,Tb
4001,RhSc,Rh,Sc
4002,RhZr2,Rh,Zr
4003,Rh3Ta,Rh,Ta
4004,RhV3,Rh,V
4005,Ag3Rh,Ag,Rh
4006,NaRh,Na,Rh
4007,RhW,Rh,W
4008,Rh3Th,Rh,Th
4009,RhZn,Rh,Zn
4010,PdV,Pd,V
4011,Pd3U,Pd,U
4012,Pd3Y,Pd,Y
4013,Pd2Tb5,Pd,Tb
4014,Pd3Ti,Pd,Ti
4015,Pd3Ta,Pd,Ta
4016,Pb2Pd,Pb,Pd
4017,PdZr2,Pd,Zr
4018,Pd3Tm,Pd,Tm
4019,PdZn,Pd,Zn
4020,PdSc,Pd,Sc
4021,PdSm,Pd,Sm
4022,PdPt5,Pd,Pt
4023,Pd4Th,Pd,Th
4024,Ag4Pd,Ag,Pd
4025,Pd4Yb3,Pd,Yb
4026,Pd3Ru,Pd,Ru
4027,Pd3Rh,Pd,Rh
4028,AgTi,Ag,Ti
4029,AgY,Ag,Y
4030,AgTb,Ag,Tb
4031,AgZn,Ag,Zn
4032,AgYb,Ag,Yb
4033,Ag5Sr,Ag,Sr
4034,AgZr,Ag,Zr
4035,AgTm,Ag,Tm
4036,AgNa,Ag,Na
4037,AgW,Ag,W
4038,Ag5V,Ag,V
4039,AgCd,Ag,Cd
4040,Cd2Na,Cd,Na
4041,Cd6Yb,Cd,Yb
4042,AuCd,Au,Cd
4043,CdCu2,Cd,Cu
4044,CdGd,Cd,Gd
4045,CdLi,Cd,Li
4046,CdMg,Cd,Mg
4047,CdHg,Cd,Hg
4048,Cd11La,Cd,La
4049,Cd3Sr5,Cd,Sr
4050,CdNi,Cd,Ni
4051,CdTb,Cd,Tb
4052,CdTi2,Cd,Ti
4053,CdZn,Cd,Zn
4054,CdFe,Cd,Fe
4055,CdPd,Cd,Pd
4056,CdPt,Cd,Pt
4057,CdK,Cd,K
4058,Cd7Sc,Cd,Sc
4059,CdSm,Cd,Sm
4060,CdPb,Cd,Pb
4061,Cd2Pu,Cd,Pu
4062,CaCd6,Ca,Cd
4063,FeHf2,Fe,Hf
4064,HfV2,Hf,V
4065,HfNi5,Hf,Ni
4066,Hf2Rh,Hf,Rh
4067,HfMo2,Hf,Mo
4068,HfPd2,Hf,Pd
4069,HfRe2,Hf,Re
4070,HfMn2,Hf,Mn
4071,HfW2,Hf,W
4072,HfOs2,Hf,Os
4073,HfRu,Hf,Ru
4074,AgHf,Ag,Hf
4075,HfIr3,Hf,Ir
4076,HfNb3,Hf,Nb
4077,HfSi2,Hf,Si
4078,TaV2,Ta,V
4079,ReW,Re,W
4080,Re2Zr,Re,Zr
4081,ReTi,Re,Ti
4082,Re5U,Re,U
4083,OsTi,Os,Ti
4084,Os2Sc,Os,Sc
4085,OsV,Os,V
4086,OsPt4,Os,Pt
4087,IrLu,Ir,Lu
4088,IrNb,Ir,Nb
4089,IrSc,Ir,Sc
4090,Ir2La,Ir,La
4091,Ir2Y,Ir,Y
4092,IrTi,Ir,Ti
4093,IrV,Ir,V
4094,Ir3Ta,Ir,Ta
4095,Ir3Zr,Ir,Zr
4096,IrU,Ir,U
4097,IrMo,Ir,Mo
4098,IrRh2,Ir,Rh
4099,IrMg3,Ir,Mg
4100,IrPt,Ir,Pt
4101,IrMn3,Ir,Mn
4102,Ir2Sc,Ir,Sc
4103,IrTb,Ir,Tb
4104,Ir3Tm2,Ir,Tm
4105,Ir3Nd7,Ir,Nd
4106,IrRe3,Ir,Re
4107,IrPd,Ir,Pd
4108,PtTh,Pt,Th
4109,PtTi,Pt,Ti
4110,PtY,Pt,Y
4111,Pt2V,Pt,V
4112,Pb4Pt,Pb,Pt
4113,Pt5Sm,Pt,Sm
4114,PtTa,Pt,Ta
4115,PtTb,Pt,Tb
4116,Pt3U,Pt,U
4117,Pt11Zr9,Pt,Zr
4118,PtZn,Pt,Zn
4119,Pt4Re,Pt,Re
4120,Pt3Sc,Pt,Sc
4121,Pt9W,Pt,W
4122,PtRu,Pt,Ru
4123,Pt3Tm2,Pt,Tm
4124,AuLa,Au,La
4125,AuZn3,Au,Zn
4126,AuHo2,Au,Ho
4127,AuTm2,Au,Tm
4128,Au6Sm,Au,Sm
4129,Ag2Au,Ag,Au
4130,AuPb2,Au,Pb
4131,AuPd,Au,Pd
4132,AuTi3,Au,Ti
4133,Au2Mn,Au,Mn
4134,AuLu,Au,Lu
4135,AuNi,Au,Ni
4136,AuMg,Au,Mg
4137,AuTb,Au,Tb
4138,AuV3,Au,V
4139,AuY,Au,Y
4140,AuLi,Au,Li
4141,AuRb,Au,Rb
4142,AuK,Au,K
4143,AuTa,Au,Ta
4144,Au5Sr,Au,Sr
4145,Au3Fe,Au,Fe
4146,AuHf,Au,Hf
4147,AuNb,Au,Nb
4148,AuZr,Au,Zr
4149,AuRe,Au,Re
4150,AuOs,Au,Os
4151,AuMo,Au,Mo
4152,AuHg,Au,Hg
4153,HgZn,Hg,Zn
4154,Hg2Na,Hg,Na
4155,HgPt,Hg,Pt
4156,Ag2Hg3,Ag,Hg
4157,HgPb2,Hg,Pb
4158,AgHg,Ag,Hg
4159,Hg2U,Hg,U
4160,Hg2Rb,Hg,Rb
4161,HgZr3,Hg,Zr
4162,Hg2Sr3,Hg,Sr
4163,HgTi3,Hg,Ti
4164,Hg2K,Hg,K
4165,Hg4Pd,Hg,Pd
4166,Hg2Rh,Hg,Rh
4167,Ag11Hg9,Ag,Hg
4168,HgTl,Hg,Tl
4169,LaPd3,La,Pd
4170,LaPt2,La,Pt
4171,LaRh2,La,Rh
4172,LaRu2,La,Ru
4173,La2Mg17,La,Mg
4174,LaOs2,La,Os
4175,LaPb3,La,Pb
4176,La7Ni3,La,Ni
4177,LaRh,La,Rh
4178,LaZn5,La,Zn
4179,La3Li,La,Li
4180,La3Rh2,La,Rh
4181,CeCo2,Ce,Co
4182,CeCu,Ce,Cu
4183,CeFe2,Ce,Fe
4184,CeIr3,Ce,Ir
4185,CeMg12,Ce,Mg
4186,CeNi,Ce,Ni
4187,CePb3,Ce,Pb
4188,CePt2,Ce,Pt
4189,AgCe,Ag,Ce
4190,CeRu2,Ce,Ru
4191,CeZn,Ce,Zn
4192,CePd3,Ce,Pd
4193,CeRh,Ce,Rh
4194,NdPt5,Nd,Pt
4195,NdNi,Nd,Ni
4196,NdPd3,Nd,Pd
4197,NdZn,Nd,Zn
4198,NdRu2,Nd,Ru
4199,Ag2Nd,Ag,Nd
4200,NdRh2,Nd,Rh
4201,NdRe2,Nd,Re
4202,AgSm,Ag,Sm
4203,SmZn,Sm,Zn
4204,EuMg2,Eu,Mg
4205,EuPt5,Eu,Pt
4206,Ag5Eu,Ag,Eu
4207,Au5Eu,Au,Eu
4208,EuPd2,Eu,Pd
4209,Eu3Ir2,Eu,Ir
4210,Eu5Pb3,Eu,Pb
4211,EuZn13,Eu,Zn
4212,EuW,Eu,W
4213,AgGd,Ag,Gd
4214,Fe2Gd,Fe,Gd
4215,GdMg,Gd,Mg
4216,GdNi,Gd,Ni
4217,Gd6Mn23,Gd,Mn
4218,AuGd,Au,Gd
4219,GdRu2,Gd,Ru
4220,GdZn12,Gd,Zn
4221,GdPt5,Gd,Pt
4222,GdPd3,Gd,Pd
4223,GdRh2,Gd,Rh
4224,GdIr2,Gd,Ir
4225,Tb2Zn17,Tb,Zn
4226,Dy6Fe23,Dy,Fe
4227,AgDy,Ag,Dy
4228,DyMn2,Dy,Mn
4229,DyPt2,Dy,Pt
4230,DyRu2,Dy,Ru
4231,Dy2Ni17,Dy,Ni
4232,Dy5Pd2,Dy,Pd
4233,DyMg,Dy,Mg
4234,DyRh,Dy,Rh
4235,AuDy,Au,Dy
4236,DyPb3,Dy,Pb
4237,Dy2Zn17,Dy,Zn
4238,DyIr,Dy,Ir
4239,HoRh2,Ho,Rh
4240,AgHo,Ag,Ho
4241,Fe2Ho,Fe,Ho
4242,HoMn2,Ho,Mn
4243,HoRu2,Ho,Ru
4244,Ho5Pd2,Ho,Pd
4245,HoPt3,Ho,Pt
4246,HoMg,Ho,Mg
4247,HoNi,Ho,Ni
4248,Ho2Zn17,Ho,Zn
4249,HoIr2,Ho,Ir
4250,ErZn12,Er,Zn
4251,ErNi2,Er,Ni
4252,AuEr2,Au,Er
4253,AgEr,Ag,Er
4254,ErFe2,Er,Fe
4255,ErMg2,Er,Mg
4256,ErMn2,Er,Mn
4257,ErPt3,Er,Pt
4258,ErRu2,Er,Ru
4259,ErPd3,Er,Pd
4260,ErRh,Er,Rh
4261,Er3Ir,Er,Ir
4262,Yb2Zn17,Yb,Zn
4263,LuRh2,Lu,Rh
4264,Lu6Mn23,Lu,Mn
4265,AgLu,Ag,Lu
4266,LuNi2,Lu,Ni
4267,LuPt3,Lu,Pt
4268,LuMg2,Lu,Mg
4269,Lu6Pb5,Lu,Pb
4270,LuPd,Lu,Pd
4271,Th2Zn17,Th,Zn
4272,PuRu2,Pu,Ru
4273,CmPt5,Cm,Pt
